,id,price,latitude,longitude,accommodates,bathrooms,bedrooms,is_location_exact,number_of_reviews,review_scores_rating,reviews_per_month
0,69681,170.0,37.77706906926253,-122.50923187258286,4,2.0,3,t,7,93.0,0.09
1,7856443,195.0,37.78227777410354,-122.49278426951248,6,2.5,3,t,40,99.0,1.73
2,70185,225.0,37.76629490097711,-122.4474438606795,2,1.0,1,t,29,97.0,0.35
3,18463004,299.0,37.77206317337525,-122.44325542878477,12,1.5,5,t,16,95.0,1.57
4,15339049,350.0,37.77182472776629,-122.43914679993395,3,1.0,1,t,33,98.0,1.85
5,15134083,349.0,37.771694914221065,-122.43899647768164,4,1.0,2,t,20,92.0,1.07
6,8164773,210.0,37.77015667883739,-122.44807493052906,4,1.0,1,t,16,95.0,0.54
7,13066418,159.0,37.7661720019665,-122.44565944343952,4,1.0,1,t,18,99.0,1.85
8,10058568,215.0,37.76719265642213,-122.44823796238623,4,2.0,2,t,4,100.0,0.17
9,2166428,198.0,37.76687570466795,-122.44645714286308,2,1.0,1,t,138,95.0,2.7
10,166771,185.0,37.76827235107756,-122.44678432093524,4,1.0,1,t,149,97.0,1.85
11,12814571,290.0,37.769943740877906,-122.45037797174669,5,1.0,2,t,0,,
12,7478631,145.0,37.76210544218736,-122.45201657617436,5,1.0,0,t,216,95.0,6.84
13,1480015,265.0,37.767850760479504,-122.44902333026828,4,1.0,1,t,111,99.0,2.12
14,18037180,500.0,37.77305879377953,-122.45278075565285,6,2.0,3,t,26,99.0,3.05
15,1208928,390.0,37.76918269528775,-122.44848870096943,8,2.0,4,t,66,93.0,1.16
16,4271413,160.0,37.770717608166116,-122.44813154040213,2,1.0,1,t,16,95.0,2.98
17,16416050,1000.0,37.77596145656689,-122.44295454300749,11,2.0,2,t,14,99.0,0.98
18,7666482,145.0,37.77367565661318,-122.44564087461659,5,2.0,2,t,4,67.0,0.12
19,7562249,195.0,37.77650254800609,-122.4394586608863,2,1.0,1,t,62,97.0,1.94
20,12917258,118.0,37.77096664878946,-122.44161991320831,6,1.0,1,t,26,91.0,1.17
21,10455187,200.0,37.77352017718617,-122.4433454733962,2,1.0,0,t,21,98.0,0.84
22,3757966,200.0,37.762234068363625,-122.44966534819278,2,1.0,1,t,29,99.0,0.65
23,126046,170.0,37.7681347587221,-122.44493597270329,5,1.0,3,t,79,97.0,0.99
24,1919372,175.0,37.77570008739193,-122.43847173013019,2,1.0,0,t,273,98.0,5.19
25,1768239,160.0,37.763572241533815,-122.44581171218334,2,1.0,1,t,37,99.0,0.68
26,19308750,275.0,37.76691510806368,-122.44461162814316,2,1.0,1,t,4,100.0,0.54
27,2816626,350.0,37.768358787399286,-122.44811666908116,6,2.0,3,t,6,100.0,0.13
28,783149,250.0,37.76712265543896,-122.44870752114801,2,1.0,1,t,136,97.0,2.23
29,2738331,99.0,37.769175742474744,-122.45000367362442,2,1.0,1,t,118,92.0,2.61
30,715754,160.0,37.76645818368998,-122.4432031000003,4,1.0,1,t,78,99.0,1.19
31,330535,189.0,37.768922881983386,-122.44614722135277,6,1.0,3,t,110,95.0,1.48
32,3133266,290.0,37.76875413915869,-122.44890171699488,8,1.5,3,t,57,98.0,1.24
33,3240016,140.0,37.76947241875028,-122.43770415302522,2,1.0,1,t,154,96.0,3.35
34,3479568,375.0,37.77021614374003,-122.44939109081172,7,1.5,2,t,12,98.0,0.57
35,19985392,450.0,37.77014147332605,-122.44521092828772,6,2.0,3,t,5,100.0,0.7
36,2559297,235.0,37.77506721737034,-122.44093915081335,4,1.0,2,t,30,85.0,0.62
37,9877717,185.0,37.774202296720674,-122.44889751174117,2,1.0,1,t,66,97.0,2.64
38,422720,169.0,37.77133117749775,-122.44710314549204,2,1.0,1,t,82,96.0,1.13
39,23466551,325.0,37.7728180344243,-122.43831019093322,3,1.0,1,t,0,,
40,4379621,211.0,37.77000006729074,-122.44813676834384,6,1.0,2,t,127,87.0,3.13
41,3565068,400.0,37.774131112713754,-122.44109073133879,5,1.0,3,t,26,97.0,0.58
42,10720392,175.0,37.77099070091528,-122.44796021966913,6,1.5,3,f,3,100.0,0.15
43,10802306,499.0,37.767060602844865,-122.44839159476496,4,1.0,2,t,7,100.0,0.29
44,18063783,399.0,37.76989238222697,-122.44286335772509,6,1.5,4,t,22,94.0,1.83
45,7302136,99.0,37.76515704945544,-122.44657635846563,3,1.0,1,t,11,100.0,0.34
46,4767720,195.0,37.77139189378345,-122.43981197435312,3,1.0,1,t,22,100.0,1.29
47,5286047,240.0,37.776120451607355,-122.44048032026959,2,1.0,1,t,41,98.0,1.09
48,20309567,250.0,37.76719884994654,-122.44952266813543,6,1.0,3,f,4,100.0,0.67
49,17233693,210.0,37.769771960680025,-122.4506117328883,5,1.0,3,t,14,100.0,1.01
50,8882531,230.0,37.77546165978882,-122.44904774270726,3,1.0,1,t,21,99.0,0.73
51,10043166,400.0,37.76482708818961,-122.45131405855948,6,2.0,3,t,12,97.0,0.46
52,269463,200.0,37.76710858506811,-122.4515121884875,2,1.0,1,t,101,94.0,1.3
53,9972077,150.0,37.761225011563475,-122.45095045684884,2,1.0,1,t,31,100.0,1.2
54,15468915,399.0,37.77180796074956,-122.44483891371814,9,1.0,4,t,1,60.0,0.07
55,6812179,450.0,37.76978381350102,-122.44489949831345,9,2.0,3,t,8,98.0,0.25
56,17977925,375.0,37.769538924935496,-122.44906626337958,6,1.0,3,f,33,99.0,2.75
57,2026910,550.0,37.77399814795163,-122.45309111208128,6,1.0,3,t,93,99.0,1.83
58,1053945,150.0,37.77060059098785,-122.45074461584915,2,1.0,1,t,158,92.0,2.65
59,671230,250.0,37.768810287836814,-122.44045884348853,2,1.0,1,t,15,96.0,0.22
60,5928915,169.0,37.728352758080575,-122.43471408930237,5,2.0,3,t,11,93.0,0.32
61,2594714,175.0,37.72666126989704,-122.43550983632284,5,2.0,3,t,2,90.0,0.07
62,14672091,199.0,37.71314295517481,-122.44600946945957,4,1.0,2,t,28,87.0,1.48
63,11525500,125.0,37.72997432667671,-122.44828043917366,2,1.0,0,t,60,97.0,2.39
64,2274353,137.0,37.726847463927534,-122.43739300623376,4,1.0,2,t,169,95.0,3.37
65,493889,195.0,37.72872001406447,-122.4405979965043,2,1.0,1,t,47,95.0,0.67
66,9261548,375.0,37.72770560206225,-122.44014941270315,5,2.0,3,t,13,98.0,0.47
67,8474183,134.0,37.722065368973155,-122.43773239194529,4,1.0,1,t,96,96.0,3.85
68,1510363,140.0,37.7285684876501,-122.45214928203586,4,1.0,2,t,198,99.0,3.65
69,4890931,135.0,37.73263041044189,-122.43492753754728,2,1.0,0,t,26,95.0,0.91
70,5821220,209.0,37.72661710928713,-122.43390800740576,6,3.0,4,t,9,91.0,0.33
71,5811756,209.0,37.72612886172427,-122.4353875012182,6,2.5,4,t,3,93.0,0.1
72,3221082,279.0,37.732733114157135,-122.43992030318078,8,2.0,3,t,54,95.0,1.19
73,7615490,250.0,37.734140368483565,-122.44397008224884,4,1.0,1,t,215,97.0,6.84
74,19365066,280.0,37.72150940640201,-122.43823175755664,8,1.0,2,t,21,100.0,2.7
75,18810574,150.0,37.786737294418174,-122.41973234206655,2,1.0,0,t,40,96.0,3.83
76,17191322,90.0,37.78703918115024,-122.41728410637036,2,1.0,0,t,88,96.0,6.32
77,14694071,156.0,37.78505825221313,-122.41411440563644,2,1.0,0,t,43,87.0,2.27
78,7785565,60.0,37.78843440878797,-122.41280145920437,1,1.0,0,t,0,,
79,24191081,220.0,37.78207826640654,-122.41493561826842,4,1.0,0,t,0,,
80,7754018,249.0,37.78715915559813,-122.41057695478436,4,1.0,0,t,6,100.0,0.19
81,7963103,229.0,37.788372584015825,-122.41091031642416,4,1.0,0,t,9,96.0,0.29
82,6836411,239.0,37.78744663736353,-122.41058729660608,4,1.0,0,t,10,98.0,0.3
83,13393846,195.0,37.777613495337015,-122.42182781064234,4,2.0,2,t,18,98.0,0.83
84,8328410,149.0,37.78893895583631,-122.41721959921787,2,1.0,0,t,110,89.0,3.69
85,9841955,130.0,37.78707008919924,-122.41197048994749,2,1.0,0,t,4,100.0,0.19
86,3712105,325.0,37.789505709852364,-122.41099017626604,2,1.0,1,t,21,95.0,0.47
87,2111361,200.0,37.78093070513054,-122.42007070431144,3,1.0,0,t,87,98.0,1.68
88,10832,139.0,37.78573889680189,-122.40797710199776,2,1.5,1,t,16,91.0,0.26
89,10156101,195.0,37.778861324261065,-122.42209259595772,4,2.0,2,t,16,94.0,0.62
90,15178460,312.0,37.78794811419253,-122.4139343617799,4,1.0,1,t,0,,
91,224671,300.0,37.77653320971659,-122.41877580993958,5,2.0,2,t,10,100.0,0.37
92,23163677,320.0,37.787036420063295,-122.41632373135585,6,2.0,2,t,1,100.0,0.81
93,19894493,150.0,37.783840594512704,-122.4145271924398,2,1.0,0,t,22,90.0,2.8
94,15675892,90.0,37.78753317391824,-122.40936160976636,2,1.0,0,t,56,90.0,3.26
95,20860767,200.0,37.78699410052964,-122.411229145278,2,1.0,0,t,23,83.0,3.45
96,12511225,110.0,37.78744937259745,-122.40925519193856,2,1.0,0,t,73,90.0,3.07
97,21786747,250.0,37.782276532360136,-122.41435301366093,6,1.0,0,t,0,,
98,3402610,175.0,37.78517215205293,-122.41615112396872,2,1.0,1,t,58,98.0,2.49
99,24013191,250.0,37.78894128234965,-122.41739946903117,6,1.0,3,t,0,,
100,8202578,229.0,37.788347076763145,-122.41119909379287,4,1.0,0,t,11,100.0,0.36
101,6649234,229.0,37.78858275610428,-122.40949007458522,4,1.0,0,t,8,94.0,0.23
102,13914906,239.0,37.788464842390106,-122.40980000737152,4,1.0,0,t,9,100.0,0.43
103,13284332,235.0,37.78728161541749,-122.41147298756479,4,1.0,0,t,20,98.0,1.85
104,10393552,235.0,37.78842426660723,-122.41015951493044,4,1.0,0,t,81,98.0,3.47
105,13284618,235.0,37.7890148313947,-122.40928646372078,4,1.0,0,t,36,98.0,2.62
106,13264364,235.0,37.787522704072906,-122.40958363155669,4,1.0,0,t,37,97.0,1.66
107,20799337,270.0,37.78914274127112,-122.41508809441582,4,1.0,2,t,30,99.0,4.76
108,56715,187.0,37.788155136094325,-122.41721599062313,4,1.0,2,t,75,96.0,0.84
109,16018565,240.0,37.78810562399765,-122.4153728930772,4,1.0,2,f,99,99.0,5.88
110,23884196,350.0,37.7766244980859,-122.41795607374395,2,1.0,0,t,1,100.0,1.0
111,10550345,225.0,37.78946398987794,-122.40958979812198,4,1.0,0,t,2,90.0,0.92
112,12981814,140.0,37.77800300110771,-122.42164291531631,2,1.0,0,t,75,95.0,3.29
113,21584515,105.0,37.78241221390323,-122.41584770651798,6,1.0,0,t,8,43.0,1.55
114,9119249,140.0,37.779814649837256,-122.42189513924258,2,1.0,1,t,48,98.0,1.84
115,6453774,249.0,37.78835532275191,-122.40915690188518,4,1.0,0,t,33,96.0,0.96
116,2948159,272.0,37.74301407403394,-122.44187562523831,3,2.0,2,t,37,98.0,0.82
117,16244433,159.0,37.74149317041857,-122.44151341101282,2,1.0,1,t,75,99.0,5.34
118,647360,225.0,37.73100214943675,-122.47932055751991,4,1.0,1,t,155,99.0,2.29
119,14056095,248.0,37.80076745691176,-122.41290201018522,4,1.0,2,t,49,99.0,2.53
120,22970151,350.0,37.79888301369364,-122.42335353962669,4,1.0,1,t,9,98.0,4.29
121,992596,250.0,37.80094298211765,-122.41280800960631,4,1.0,2,t,21,95.0,0.36
122,16027559,295.0,37.79680801764613,-122.42163307187981,2,2.0,1,t,10,100.0,0.92
123,14896095,193.0,37.8026276589272,-122.41938174504877,3,1.0,1,t,30,94.0,1.57
124,22378695,295.0,37.80049894400482,-122.4232150828128,7,1.0,2,t,20,100.0,6.9
125,8474728,219.0,37.7983578984465,-122.41278845982391,2,1.0,0,t,6,96.0,0.76
126,4157431,135.0,37.79884095804784,-122.42024168852079,2,1.0,1,t,41,97.0,0.95
127,5955398,206.0,37.7994452977464,-122.41302593391448,3,2.0,3,t,9,93.0,0.25
128,4517932,400.0,37.80291290822547,-122.41625715969852,2,1.0,1,t,67,96.0,1.64
129,16688334,195.0,37.796136546529326,-122.42221044461266,5,1.0,1,t,22,98.0,1.6
130,738547,375.0,37.80627026553962,-122.41919113250341,5,1.0,2,t,72,94.0,1.14
131,468490,490.0,37.80139094743132,-122.41534214059685,8,2.5,4,t,15,93.0,0.28
132,11399637,1200.0,37.80657914137312,-122.42209138173936,6,2.0,2,t,5,96.0,0.2
133,3939813,225.0,37.80493743885676,-122.42331300707515,2,1.0,1,t,39,99.0,0.91
134,4896087,105.0,37.80150925897283,-122.41982150587043,3,1.0,1,f,141,93.0,3.59
135,10269737,600.0,37.8010072885676,-122.41430393122693,7,3.0,3,t,3,100.0,0.16
136,6852800,196.0,37.80029461324353,-122.42245613557762,2,1.0,0,t,78,98.0,2.31
137,6360976,200.0,37.79928133176491,-122.41946786600192,6,1.5,2,f,99,92.0,2.82
138,519796,156.0,37.80298716769824,-122.42447208867594,2,1.0,1,t,64,99.0,0.91
139,7564371,275.0,37.79703480003983,-122.41860521335659,4,1.0,2,f,14,99.0,0.45
140,21458837,300.0,37.797280892782304,-122.42035013132036,4,1.0,2,t,1,100.0,0.2
141,1036860,298.0,37.805193167735894,-122.42142817805176,4,1.0,2,t,9,98.0,0.16
142,16348139,610.0,37.80026310352447,-122.41329353273052,4,2.5,2,t,1,100.0,0.1
143,4317833,575.0,37.799657032780345,-122.41208032217959,4,2.5,2,t,5,100.0,0.12
144,13582817,925.0,37.80617555334384,-122.42379067679308,6,2.0,2,t,4,100.0,0.22
145,6154096,695.0,37.80617517452279,-122.42342651229636,4,1.0,1,t,1,100.0,0.44
146,10747219,198.0,37.79782285735996,-122.41521205439504,3,1.0,1,t,52,97.0,2.04
147,18722998,375.0,37.79612605012096,-122.42135169123104,4,1.0,2,t,47,97.0,4.53
148,2723005,585.0,37.79863066515847,-122.42054818976818,6,2.0,3,t,30,99.0,0.68
149,5838582,140.0,37.80534894875286,-122.42091327727141,2,1.0,1,t,11,100.0,0.31
150,23074128,170.0,37.80058329898968,-122.41625657045245,4,1.0,0,t,22,100.0,10.48
151,7495711,150.0,37.802859357195956,-122.42179022326548,2,1.0,0,t,11,93.0,0.35
152,9464763,500.0,37.80658191592835,-122.41986389939943,4,2.0,2,t,36,100.0,1.25
153,8352853,299.0,37.79800981042328,-122.42177111872878,2,1.0,1,f,22,95.0,0.75
154,10992778,399.0,37.79994973164673,-122.42270517710143,6,2.0,2,t,23,99.0,1.25
155,1076743,575.0,37.79950516668977,-122.41713527803795,4,1.0,2,t,98,99.0,1.63
156,20788162,130.0,37.80084880430996,-122.41308325098042,2,1.0,0,t,3,100.0,0.55
157,2965433,293.0,37.80016929363053,-122.41243237403135,4,1.5,2,t,34,97.0,0.73
158,10684058,587.0,37.79926152741293,-122.42053559123352,7,2.0,3,t,20,99.0,1.3
159,20408951,500.0,37.805279936115,-122.41967288391592,4,2.5,2,t,0,,
160,3116974,375.0,37.79819707906993,-122.41182672783958,4,1.0,2,t,99,99.0,2.18
161,10517693,117.0,37.752184246488596,-122.44197067392186,2,1.0,0,t,150,97.0,5.73
162,13201652,475.0,37.751457022401425,-122.43738243574494,10,2.5,4,t,12,93.0,0.69
163,19502548,151.0,37.752301130773546,-122.42669975074078,2,1.0,1,t,5,100.0,0.7
164,16179065,189.0,37.75310296241537,-122.43620873285762,2,1.0,0,t,20,97.0,1.37
165,20194233,233.0,37.755670553824615,-122.43394230126013,6,2.5,2,t,10,100.0,1.43
166,8964795,25.0,37.75053585902327,-122.44224921920963,6,2.0,2,t,62,94.0,2.09
167,21249414,115.0,37.752148239563226,-122.43724318830404,2,1.0,1,t,4,95.0,0.75
168,13084294,200.0,37.75545038481085,-122.42681317039568,4,1.0,1,t,15,96.0,0.71
169,10452379,150.0,37.75404291451224,-122.42930014117105,4,1.0,1,f,9,89.0,0.35
170,10187948,155.0,37.75175257443231,-122.4310394400163,4,2.0,2,t,1,100.0,0.06
171,4250927,239.0,37.75038966438833,-122.43892988946344,6,2.0,2,t,62,100.0,1.46
172,1494771,170.0,37.75078356304526,-122.43125559929602,5,1.0,2,t,20,98.0,0.36
173,5749181,215.0,37.74721673138181,-122.435066361304,1,1.0,0,t,55,93.0,1.57
174,631635,201.0,37.75566095204132,-122.43453821077965,4,1.0,1,t,216,95.0,3.15
175,12156553,201.0,37.751360776457794,-122.42937148717286,2,1.0,1,t,5,88.0,0.22
176,14745298,200.0,37.74863517686243,-122.4366015381526,4,1.0,0,t,78,100.0,4.26
177,13810224,148.0,37.74917747080115,-122.43675193809948,4,1.0,1,t,27,99.0,3.46
178,6331695,188.0,37.742068552774036,-122.43068518410172,3,1.0,1,t,216,95.0,6.32
179,4663060,140.0,37.74471277696103,-122.43133568346384,4,1.0,1,t,208,95.0,5.09
180,14917006,135.0,37.74433633602378,-122.43562522877457,3,1.0,1,t,108,98.0,5.68
181,6238514,350.0,37.74714548995314,-122.43058795278476,2,1.0,2,t,56,100.0,1.61
182,6348742,265.0,37.753262321319,-122.43597995103708,4,1.0,1,t,73,98.0,2.14
183,727969,200.0,37.75353961609628,-122.43371653514578,5,1.0,1,t,208,95.0,3.13
184,1001415,275.0,37.756323466026274,-122.4266734714238,3,1.0,1,t,36,94.0,0.63
185,16703040,247.0,37.75339506635467,-122.4374282167496,5,2.0,2,t,36,95.0,2.58
186,8005452,295.0,37.75113867506045,-122.43232605388765,6,1.5,2,t,42,96.0,1.37
187,10451690,160.0,37.74331674821234,-122.42525849989859,4,1.0,1,f,5,92.0,0.2
188,1740537,165.0,37.75538040946973,-122.4265470283844,6,1.5,2,t,100,96.0,1.84
189,5364086,275.0,37.75213025573722,-122.44097379109587,4,1.0,1,f,29,88.0,0.79
190,5632275,165.0,37.75437318126526,-122.42953639108109,2,1.0,1,t,115,96.0,3.18
191,231752,250.0,37.755647273756225,-122.44021786803921,4,1.0,1,t,72,99.0,0.93
192,6800168,190.0,37.752020974760654,-122.4256868571513,4,1.0,3,f,9,96.0,0.27
193,22953350,249.0,37.75368715855065,-122.4286422838921,4,1.0,2,t,4,100.0,2.5
194,1815551,250.0,37.750448776295855,-122.42785257418045,2,1.0,1,t,186,98.0,3.47
195,2771128,220.0,37.750960717102814,-122.43112343866879,2,1.0,0,t,115,95.0,2.41
196,2519809,190.0,37.75227648586322,-122.43729942109695,4,1.0,1,t,44,100.0,1.0
197,11942127,260.0,37.743071396464366,-122.43033534338974,6,1.0,3,t,9,100.0,0.39
198,3230459,140.0,37.74247415159032,-122.42499131823128,2,1.0,0,t,86,91.0,1.87
199,12290613,129.0,37.7467068297318,-122.43153349924208,3,1.0,0,t,101,97.0,4.4
200,2178503,155.0,37.74594357634904,-122.43054329884714,3,1.0,0,t,111,97.0,2.29
201,8272458,125.0,37.75410875054492,-122.43832124368113,2,1.0,1,f,123,98.0,4.83
202,585225,99.0,37.7455530770164,-122.43383654429607,2,1.0,1,t,421,95.0,6.07
203,4653332,160.0,37.743108566179316,-122.42941786048277,2,1.0,1,t,10,96.0,0.26
204,11532945,185.0,37.74458887756245,-122.42751566576645,4,1.0,2,t,43,92.0,1.93
205,12271773,199.0,37.74810250243879,-122.42977029805927,4,1.0,1,t,26,81.0,1.19
206,59344,135.0,37.7456548107698,-122.42864380484687,2,1.0,1,t,248,98.0,2.78
207,21880724,180.0,37.749874861388996,-122.42725063780078,4,2.0,2,t,4,100.0,1.12
208,10545518,899.0,37.75006626260365,-122.43925435428396,5,2.5,3,t,15,100.0,1.12
209,19912173,277.0,37.749860522786,-122.42924948685359,5,1.0,2,t,10,98.0,1.59
210,7161543,250.0,37.75338172733948,-122.43128449779293,5,1.0,3,t,22,99.0,0.68
211,3563261,185.0,37.75374496733843,-122.42678603514014,4,1.0,1,t,54,93.0,1.23
212,1031899,117.0,37.74832887559038,-122.4262076619738,2,,1,t,5,100.0,0.09
213,8053292,145.0,37.751436703556756,-122.44273694902522,2,1.0,1,t,54,87.0,1.7
214,13603043,235.0,37.75388119136906,-122.43228711815621,2,1.0,1,t,53,100.0,2.44
215,666620,445.0,37.751673371674364,-122.43185272089521,5,2.5,2,t,42,95.0,1.03
216,12383404,189.0,37.75105042726712,-122.44186997471172,2,1.0,1,t,23,100.0,0.97
217,15759935,274.0,37.75107374883968,-122.43520031196618,2,1.0,1,t,19,98.0,2.81
218,12116877,425.0,37.749481209905966,-122.42997513844843,10,2.0,3,t,42,89.0,1.81
219,14845574,130.0,37.765858932252115,-122.45408100460944,2,1.0,1,t,32,92.0,1.68
220,14808208,166.0,37.760533249885526,-122.46306625683792,4,2.5,2,t,44,98.0,2.34
221,833149,104.0,37.759415625214025,-122.46770475463792,4,1.0,1,t,11,88.0,0.17
222,1037198,310.0,37.76271493120142,-122.45263349877777,4,1.0,2,t,28,93.0,0.48
223,3721927,199.0,37.75926643300141,-122.46311191325687,2,1.0,1,t,207,99.0,4.62
224,5696895,195.0,37.76172360479325,-122.47487534264756,6,1.0,2,t,191,94.0,5.17
225,21837830,125.0,37.749095199551284,-122.46782135279577,3,1.0,1,t,6,93.0,2.28
226,3720392,141.0,37.76099144334589,-122.46520966998877,2,1.0,1,t,187,98.0,4.25
227,8500048,160.0,37.761042525488456,-122.475038679524,2,1.0,1,t,61,97.0,1.98
228,7760019,229.0,37.76352806939103,-122.47019606238979,4,1.0,2,t,33,96.0,1.33
229,1019135,300.0,37.763617450272214,-122.46491988293785,6,1.0,2,t,12,93.0,0.2
230,6272183,85.0,37.76325348582035,-122.45252199687826,2,1.0,1,t,75,95.0,2.15
231,2238488,279.0,37.75859382931901,-122.46820128321801,4,1.0,2,t,40,99.0,0.84
232,13999742,300.0,37.7625587314466,-122.47003464554872,6,2.0,3,t,48,95.0,3.83
233,12797906,140.0,37.75890329850647,-122.46597785627858,4,2.0,2,f,76,97.0,3.35
234,14760041,215.0,37.763149294186334,-122.47007705813104,4,1.0,2,t,6,97.0,0.57
235,10783991,134.0,37.763316299785664,-122.47010601277395,2,1.0,0,t,131,99.0,4.97
236,14181982,195.0,37.763664802392505,-122.46069436215024,2,1.0,1,t,53,100.0,2.76
237,878935,182.0,37.76464489928127,-122.46780230789923,4,1.0,2,t,197,96.0,3.24
238,4787512,275.0,37.76374962907156,-122.46183303327221,5,1.5,3,t,34,95.0,0.93
239,10336775,315.0,37.75665319773029,-122.46602112263159,4,1.0,2,t,12,97.0,2.07
240,20558470,99.0,37.7546939741764,-122.46500112737631,2,1.0,1,t,8,100.0,1.28
241,9119021,122.0,37.76136062081842,-122.46349991708088,2,1.0,0,t,89,96.0,3.57
242,16975571,329.0,37.759398143229525,-122.45990138404184,4,1.0,2,t,12,97.0,0.9
243,17269133,152.0,37.759790950430045,-122.47406852722895,2,1.0,1,t,1,100.0,0.21
244,713877,145.0,37.76369466514492,-122.45303727508764,5,1.0,1,t,406,95.0,6.05
245,21694548,225.0,37.76498542493489,-122.45465586340859,4,1.0,1,t,27,99.0,5.59
246,10035487,145.0,37.76403288784636,-122.46802731210549,4,1.0,1,t,169,97.0,6.12
247,15313698,115.0,37.78483804294238,-122.47972901386623,3,1.0,1,t,1,,0.06
248,10337916,139.0,37.77897628662063,-122.50850815593171,4,1.0,1,t,52,97.0,4.35
249,5548977,178.0,37.78093392129577,-122.49425115022824,6,1.0,0,t,234,98.0,6.31
250,4688930,200.0,37.78083140375213,-122.49418081105928,3,1.0,2,t,11,100.0,0.31
251,15334433,175.0,37.78547082932456,-122.47922122018619,6,1.5,3,t,5,80.0,0.29
252,10502323,165.0,37.773246282791526,-122.50588585345268,4,1.0,1,t,36,98.0,1.44
253,83553,85.0,37.774825536612354,-122.5095180808837,2,1.0,0,t,6,100.0,0.08
254,8715362,145.0,37.7747101107035,-122.48383394680296,2,1.0,1,t,20,99.0,0.68
255,2483504,185.0,37.772068080202544,-122.50012128108526,2,1.0,1,t,84,98.0,1.75
256,21120960,300.0,37.774233456633844,-122.49167478797614,6,2.0,3,t,33,88.0,5.35
257,16790413,308.0,37.77695188734626,-122.4787119375957,12,2.0,2,t,73,93.0,5.07
258,23860006,380.0,37.779889739202254,-122.50332539912478,5,1.0,2,f,1,100.0,1.0
259,1104912,159.0,37.77519849349481,-122.50138723194824,4,1.0,1,t,98,89.0,3.1
260,7823272,145.0,37.77615199382701,-122.50717312834112,4,1.0,1,t,88,98.0,2.73
261,431632,125.0,37.781353600647705,-122.48265634677773,2,1.0,1,t,166,89.0,2.3
262,142177,350.0,37.78470578372941,-122.48124967080864,4,1.0,2,t,159,98.0,2.02
263,12917134,249.0,37.774426878834724,-122.4803959488756,6,1.0,2,f,49,99.0,2.29
264,494111,120.0,37.77984759702197,-122.48477573931696,4,1.0,1,t,89,92.0,1.29
265,20744113,289.0,37.78246867116361,-122.47962054449114,7,1.0,3,t,29,99.0,4.03
266,17333633,395.0,37.778064667795356,-122.4902160292884,6,2.0,3,t,21,99.0,1.54
267,16825473,148.0,37.7765666450553,-122.47841341180252,2,1.0,1,t,28,100.0,2.16
268,11719688,105.0,37.77580337158553,-122.497723327997,4,1.0,1,f,81,89.0,3.32
269,23236264,120.0,37.777157997465494,-122.48922460692448,2,1.0,1,t,7,100.0,6.56
270,16043093,160.0,37.78136248307976,-122.48880733241025,4,1.0,1,t,58,99.0,4.14
271,162934,149.0,37.77760606429601,-122.50378426358351,2,1.0,1,t,166,94.0,2.03
272,2396847,125.0,37.77915101376645,-122.4785733499872,3,1.0,0,t,247,97.0,5.21
273,66188,216.0,37.777186052227385,-122.50906016719796,6,2.0,3,t,12,96.0,0.14
274,23701870,199.0,37.7816349112282,-122.48137266158552,3,1.0,1,t,2,100.0,2.0
275,7069881,233.0,37.78458732105989,-122.48276379035627,6,1.0,2,t,128,96.0,3.87
276,1482697,175.0,37.77797171524103,-122.49646711706356,5,1.0,2,t,27,94.0,0.48
277,6601749,74.0,37.71173950831274,-122.44560978106354,3,1.0,1,f,15,79.0,0.44
278,4319230,115.0,37.71999681767689,-122.43832184707055,3,1.0,2,t,1,100.0,0.06
279,3718865,113.0,37.71953972349506,-122.42683928993574,3,1.0,1,t,152,97.0,3.41
280,2701658,110.0,37.726285204396866,-122.42019867785558,3,1.0,1,t,103,97.0,2.14
281,9735841,110.0,37.719872212957405,-122.43017701938813,5,1.0,1,t,78,99.0,2.85
282,22277766,200.0,37.71658474572968,-122.43938722276349,2,1.0,1,f,3,93.0,3.0
283,6518261,149.0,37.71906449972065,-122.43261186789651,7,1.0,2,t,79,97.0,2.29
284,11620002,100.0,37.725465749584174,-122.43210617088506,3,1.0,1,t,62,97.0,2.63
285,15070065,120.0,37.726318141560434,-122.42973369970072,4,1.0,1,t,20,99.0,1.09
286,8487735,115.0,37.72944054968461,-122.42898624809072,2,1.0,0,t,91,95.0,3.03
287,794626,120.0,37.72924027325583,-122.42652976823575,6,1.0,1,t,165,92.0,2.57
288,19020541,135.0,37.73033630312256,-122.42582633079388,2,1.0,0,t,41,99.0,4.42
289,9284412,125.0,37.72841144070336,-122.41162977284736,3,1.0,1,t,267,99.0,9.18
290,4617719,139.0,37.73219477378643,-122.40815289100522,6,1.0,2,t,249,99.0,6.23
291,15920878,135.0,37.74344221418801,-122.48422712203319,4,1.0,2,f,48,90.0,2.82
292,14946749,155.0,37.74225058423937,-122.49639123021862,3,1.0,0,f,23,98.0,1.21
293,16322016,179.0,37.73823147099142,-122.49449668763194,5,1.0,1,t,63,90.0,3.96
294,6705522,270.0,37.74198725760972,-122.49517450322399,10,2.0,4,t,76,97.0,2.45
295,5229280,139.0,37.73886047985792,-122.47776557734647,4,1.0,1,t,184,90.0,4.78
296,4372435,120.0,37.741560681933066,-122.4780336835931,2,1.0,1,t,12,97.0,0.44
297,465723,150.0,37.73853305047,-122.47165876619898,3,1.0,1,t,335,97.0,4.7
298,13815533,175.0,37.74404929074355,-122.50322557094269,2,1.0,1,t,53,97.0,2.53
299,15903424,112.0,37.744966552343996,-122.48873904052749,2,1.0,2,f,68,99.0,3.98
300,17534690,155.0,37.745793382266456,-122.47819385380184,4,1.0,2,t,40,93.0,3.1
301,5068486,183.0,37.73809699675685,-122.47176160509274,3,1.5,2,t,130,100.0,3.43
302,8207632,211.0,37.73438602045539,-122.49352859483105,3,1.0,1,t,64,98.0,2.09
303,9695480,499.0,37.74762441356345,-122.4750992067926,12,2.0,3,t,114,96.0,4.33
304,12712281,350.0,37.79340832166291,-122.39981926120436,2,1.0,1,t,20,96.0,0.88
305,15483246,209.0,37.79158845021954,-122.39304353594608,3,1.0,1,f,4,100.0,0.23
306,175102,135.0,37.790763899804475,-122.40402958480206,2,1.0,0,t,47,95.0,0.58
307,22505200,143.0,37.784503489599906,-122.39833589136164,4,1.0,1,t,6,100.0,3.0
308,1925714,180.0,37.79722637181293,-122.40113019284844,2,1.0,1,t,30,97.0,0.64
309,175090,110.0,37.79018403099442,-122.40474841078851,2,1.0,0,t,24,87.0,0.3
310,7715861,825.0,37.78930781224745,-122.40230837140749,6,2.5,2,t,1,100.0,0.04
311,5944989,825.0,37.788848789304296,-122.40265492782528,6,2.5,2,t,4,100.0,0.12
312,5945812,675.0,37.78857404666921,-122.40267553616941,4,1.5,1,t,2,100.0,0.06
313,5945396,980.0,37.78888726540079,-122.40358203208734,8,3.5,3,t,2,100.0,0.07
314,21609188,350.0,37.78948954097797,-122.39379352787456,2,1.0,1,t,0,,
315,15953741,350.0,37.789079569931744,-122.3933904255759,2,1.0,1,t,1,100.0,0.06
316,9296524,193.0,37.71742087168353,-122.45176616685819,2,1.0,0,t,73,98.0,2.64
317,6715383,116.0,37.72059115666235,-122.45215935071123,2,1.0,1,t,34,97.0,1.25
318,535293,369.0,37.723016139031174,-122.45729445370094,6,3.0,3,t,23,91.0,0.41
319,4615244,124.0,37.708628703161246,-122.46125404089389,4,1.0,2,t,209,96.0,5.13
320,13443665,162.0,37.71914331562983,-122.4512763679278,5,1.0,2,t,53,100.0,2.5
321,6716133,110.0,37.721222488897595,-122.45274109594294,2,1.0,0,t,112,96.0,3.3
322,5163082,350.0,37.71213326531469,-122.45793787070784,14,2.0,4,t,145,82.0,3.84
323,14763705,158.0,37.71931549696804,-122.4563488711535,7,1.0,2,t,161,98.0,8.36
324,4527553,290.0,37.754188746315116,-122.41589749890808,4,1.5,2,t,50,98.0,1.26
325,16208102,355.0,37.75712620047505,-122.4108266297655,4,2.0,2,t,13,100.0,1.02
326,6924208,195.0,37.753157465248776,-122.40511282792562,5,1.0,2,t,8,95.0,0.24
327,5850037,215.0,37.757657291091064,-122.41131593104832,3,1.0,1,t,47,100.0,1.35
328,18415936,200.0,37.7632118791574,-122.42008062512569,5,1.5,2,t,73,95.0,6.52
329,7914711,120.0,37.761784410112,-122.42216299739654,2,1.0,1,t,1,100.0,0.09
330,14635668,219.0,37.748034290646075,-122.42457597883127,4,1.0,2,f,2,100.0,0.13
331,10835661,270.0,37.7700274882571,-122.42355132796504,5,2.0,2,t,4,100.0,0.15
332,10729994,175.0,37.753532488066185,-122.41014952861231,4,1.0,2,f,57,95.0,2.17
333,10207235,100.0,37.758440585434634,-122.40674822840694,5,1.0,2,t,121,92.0,4.8
334,21612906,120.0,37.75123217816778,-122.40965373214677,2,1.0,1,f,4,95.0,0.9
335,3377936,150.0,37.749110833785174,-122.41115314011377,4,1.0,2,t,26,98.0,0.71
336,1584021,395.0,37.76662640641555,-122.42019547057852,4,1.0,2,t,117,98.0,2.09
337,5589530,170.0,37.759898758457865,-122.4078099413255,3,1.0,0,t,199,97.0,5.34
338,5821380,350.0,37.75785801270043,-122.41777642990742,7,1.0,3,t,100,99.0,3.02
339,2629833,232.0,37.75392028497152,-122.42502166751386,6,1.0,3,t,66,95.0,1.43
340,2771688,130.0,37.75135310287518,-122.41765884005434,4,1.0,2,t,134,92.0,2.77
341,298368,160.0,37.76258853204935,-122.41747642643881,2,1.0,1,t,56,98.0,0.75
342,487499,125.0,37.76098575068275,-122.4218298319614,2,1.0,1,t,175,95.0,2.5
343,17626598,300.0,37.75905601733582,-122.40905833596074,5,2.0,2,f,4,93.0,0.44
344,8775,285.0,37.75174004606522,-122.4094205953428,4,2.5,3,t,24,95.0,0.27
345,9593505,400.0,37.76051646336255,-122.40963620402418,4,2.5,3,t,51,99.0,1.94
346,3344631,130.0,37.751534801192115,-122.41782142606588,4,1.0,2,t,132,91.0,2.86
347,3385880,250.0,37.7695222673176,-122.42289338227428,6,1.0,3,t,10,93.0,0.23
348,11442567,114.0,37.76515227015254,-122.4058377743677,2,1.0,1,t,22,97.0,2.15
349,1970257,160.0,37.751140425960045,-122.40785876531595,4,1.0,2,t,25,98.0,0.74
350,9010937,251.0,37.75244678995408,-122.40705636743601,6,2.0,2,t,28,96.0,0.96
351,14341440,242.0,37.75270430583175,-122.41151704009779,4,1.0,2,t,83,98.0,4.21
352,11784111,175.0,37.75788012566308,-122.40704226461963,2,1.0,1,t,26,100.0,2.44
353,21526852,175.0,37.759291760615255,-122.41168373568188,4,1.0,2,t,5,96.0,3.57
354,8762967,160.0,37.751246929070696,-122.40826154984634,2,1.0,1,f,82,97.0,3.72
355,21047729,204.0,37.748263680680544,-122.42475252897829,2,1.0,2,f,3,100.0,0.55
356,4558566,300.0,37.749329349831456,-122.41079246439556,6,2.0,3,t,34,95.0,0.85
357,7985260,120.0,37.761714589563105,-122.42202385551927,2,1.0,1,t,2,60.0,0.08
358,3863281,450.0,37.757266194411955,-122.41873234138069,6,2.0,2,t,187,97.0,4.23
359,802839,300.0,37.75924925474386,-122.42305805439831,6,1.0,3,t,20,100.0,1.13
360,21645603,349.0,37.762853357515844,-122.42067194627104,6,1.0,3,t,13,97.0,3.28
361,22750647,800.0,37.76187868337431,-122.42136604106095,4,1.0,2,t,0,,
362,3073393,405.0,37.762587434471946,-122.42463652839972,6,1.0,3,t,105,93.0,2.31
363,23540,225.0,37.75065032945569,-122.41983820914385,5,1.0,2,t,78,96.0,0.8
364,11939561,165.0,37.751768012641584,-122.41543440240616,2,1.0,0,t,81,99.0,4.01
365,2290365,180.0,37.76928217140377,-122.4234162370048,5,1.0,3,f,13,98.0,4.48
366,16898265,315.0,37.750163356257076,-122.41184712746563,6,2.0,3,t,41,91.0,2.91
367,7020637,150.0,37.75368599867764,-122.42261114158424,4,1.0,1,t,22,96.0,4.31
368,325478,315.0,37.760654170558475,-122.42413536603495,4,1.0,2,t,91,98.0,1.22
369,13688416,200.0,37.75756198325062,-122.41728525128143,6,1.5,2,t,23,94.0,1.1
370,15643873,575.0,37.76002177192383,-122.41981077797224,12,2.0,3,t,43,100.0,2.55
371,1421671,90.0,37.77009122657853,-122.42341463713312,2,1.0,0,t,68,100.0,1.21
372,4825217,224.0,37.76653829941226,-122.42392992349946,2,1.0,1,t,32,98.0,1.09
373,14074818,250.0,37.750780373192185,-122.41519741212477,4,1.5,2,t,3,100.0,0.2
374,2611820,190.0,37.75931575467627,-122.42120848998829,3,1.0,1,t,14,93.0,0.28
375,7151287,300.0,37.75109863408815,-122.42150297674644,6,1.5,3,t,7,97.0,0.22
376,14125801,375.0,37.761502303157016,-122.42116837977615,5,1.0,2,f,8,100.0,0.39
377,9471413,250.0,37.76066623512517,-122.42463740385908,4,2.0,2,t,16,100.0,0.64
378,100710,450.0,37.75629055903744,-122.42517753276407,5,2.0,3,t,9,100.0,0.11
379,1733056,290.0,37.75724979314532,-122.41003774981657,4,2.5,2,t,13,100.0,0.29
380,7931074,185.0,37.75076257193162,-122.41797312158924,2,1.0,1,t,36,99.0,1.14
381,4616040,149.0,37.759002645142075,-122.42131774782291,2,1.0,0,t,9,95.0,0.23
382,5019863,160.0,37.758650340051844,-122.4252964472543,1,0.5,1,t,30,96.0,0.76
383,4500244,180.0,37.757423130842746,-122.42364935415071,2,1.0,0,t,26,94.0,0.63
384,14520477,100.0,37.754543199315854,-122.40363032210384,2,1.0,1,t,48,94.0,2.43
385,12952172,189.0,37.76222242027617,-122.40783753739443,4,1.0,2,t,22,86.0,1.0
386,11270998,199.0,37.762303905619376,-122.4081342285855,6,1.0,2,t,47,92.0,1.82
387,10365512,115.0,37.757699318553684,-122.42005527100872,2,1.0,1,t,7,100.0,0.96
388,3751230,200.0,37.76218778904179,-122.42182547892486,4,1.0,2,t,15,99.0,0.55
389,3812931,134.0,37.75470020607421,-122.40303419054385,2,1.0,1,t,97,99.0,2.18
390,3434710,120.0,37.75908235654047,-122.41819502312535,2,1.0,1,t,26,98.0,0.58
391,1388523,125.0,37.755262578068034,-122.42496642217907,1,1.0,0,t,41,94.0,0.73
392,1094207,100.0,37.76015869160472,-122.42412573634407,2,1.0,1,t,46,96.0,0.77
393,2319598,130.0,37.755592192499606,-122.42278628242435,4,1.0,2,t,32,91.0,0.69
394,865873,375.0,37.76251893043086,-122.42428458725807,4,2.0,2,t,32,96.0,0.7
395,150347,179.0,37.76202211098672,-122.41876038242056,4,1.0,2,t,115,94.0,1.4
396,2569250,125.0,37.756392451952244,-122.42077447420613,2,1.0,0,t,20,98.0,0.41
397,9924449,165.0,37.75584483893469,-122.40876945302814,4,1.0,2,t,14,94.0,0.5
398,7004802,245.0,37.769987708379006,-122.42268058364635,4,1.0,2,t,28,96.0,0.85
399,6324586,240.0,37.75043576963552,-122.41010167350365,4,1.5,2,t,4,100.0,0.12
400,662754,268.0,37.75458118948849,-122.40975087039386,2,1.5,2,t,19,100.0,0.28
401,663623,240.0,37.757971890094716,-122.40960183123221,7,1.5,2,t,9,95.0,0.2
402,3105998,225.0,37.75228980705076,-122.41593394221157,2,1.0,1,t,12,98.0,0.26
403,23860141,250.0,37.75880163566038,-122.41456602480608,4,2.0,2,t,0,,
404,16173016,200.0,37.761482053744295,-122.40925392305105,2,1.0,1,t,43,99.0,2.91
405,697083,250.0,37.7636878038158,-122.42222024957329,1,1.0,1,t,4,100.0,0.06
406,4342334,285.0,37.75976361751964,-122.42336927777792,2,2.0,2,t,5,100.0,0.12
407,6713990,160.0,37.76685030360353,-122.42368382332735,2,1.0,1,t,5,100.0,0.15
408,560440,220.0,37.760501373915204,-122.42316861412607,3,1.0,2,t,8,100.0,0.13
409,8105974,358.0,37.758422779483645,-122.4119597916242,2,2.0,2,t,20,99.0,0.63
410,1391982,320.0,37.75398125827967,-122.42171198241337,8,2.0,3,t,5,100.0,0.15
411,1909613,239.0,37.764312877369754,-122.42447590294304,4,1.0,2,t,2,100.0,0.23
412,279184,575.0,37.752904965565634,-122.41552660816635,7,2.0,3,t,9,100.0,0.12
413,11752686,148.0,37.75727662395475,-122.42097360813769,2,1.0,1,t,25,97.0,1.0
414,41399,290.0,37.75610669111234,-122.41866188454807,4,1.0,2,t,65,96.0,0.98
415,817279,215.0,37.75757859939743,-122.41846026636897,2,1.0,1,t,18,92.0,0.69
416,19832188,280.0,37.763361633889645,-122.41613853673636,7,2.0,3,t,3,87.0,0.34
417,8564563,220.0,37.76867194338203,-122.41785764787079,4,1.0,2,t,33,97.0,1.19
418,2944266,225.0,37.75649200146516,-122.41025467352736,4,2.0,2,t,9,98.0,1.49
419,622134,175.0,37.755169779402145,-122.40376556103224,4,1.0,1,t,27,93.0,0.4
420,13299858,289.0,37.77018261305528,-122.42398373330435,2,1.0,1,t,24,99.0,1.1
421,14125,215.0,37.754906698626314,-122.42245501922535,3,1.0,1,t,84,98.0,0.84
422,21490285,175.0,37.755648003924925,-122.41121891705185,4,2.0,2,f,1,80.0,0.31
423,21252598,200.0,37.75804873239922,-122.41003017892791,6,1.0,3,t,2,90.0,0.64
424,22904891,120.0,37.765660781122925,-122.40696471967286,2,1.0,1,t,0,,
425,11115880,350.0,37.754719879997104,-122.41033973901337,4,1.0,2,t,39,99.0,1.61
426,9006949,142.0,37.75561139826768,-122.41021821689787,2,1.0,1,t,16,98.0,3.31
427,1954708,195.0,37.75151848049182,-122.4105130201824,4,1.0,2,t,60,95.0,1.16
428,4175174,250.0,37.76054861979581,-122.4256784471596,4,2.0,2,t,10,100.0,0.29
429,2707422,184.0,37.762937081662905,-122.42415774003301,2,1.0,1,t,17,99.0,0.36
430,468751,230.0,37.7671701632487,-122.4241888692195,4,1.0,2,t,21,94.0,0.3
431,1774026,418.0,37.755645831711654,-122.42410345274868,10,1.5,4,t,63,94.0,1.16
432,15397120,250.0,37.760283717927116,-122.42093332094238,5,1.0,2,t,9,98.0,0.54
433,23964717,199.0,37.75037173276653,-122.4125525603822,6,2.5,2,t,0,,
434,3636904,140.0,37.76852807846753,-122.4220284066595,2,1.0,1,t,50,96.0,1.17
435,10832099,650.0,37.76050580114699,-122.42348602953051,4,1.0,2,t,24,96.0,0.92
436,522089,439.0,37.75980516082806,-122.42446898841631,7,1.0,3,t,28,93.0,0.4
437,12575461,195.0,37.751954650005814,-122.42366604699406,3,1.0,0,t,65,96.0,2.94
438,19933216,400.0,37.76398034557759,-122.4238301447168,5,1.0,2,t,20,96.0,2.96
439,17285258,220.0,37.75846623743608,-122.41251085591956,5,1.0,2,f,49,93.0,3.62
440,1339473,230.0,37.754400534358474,-122.41250701086649,2,1.0,1,t,48,91.0,1.07
441,13585679,160.0,37.753218074309785,-122.41386406258495,2,1.0,1,t,69,97.0,3.4
442,13714899,199.0,37.75362763929761,-122.42404287410623,3,1.0,1,f,82,100.0,3.89
443,20638574,350.0,37.767989127199336,-122.41781300501488,4,2.0,2,t,2,100.0,0.34
444,3238142,196.0,37.75523737699349,-122.42190860484286,4,1.0,2,t,205,94.0,4.47
445,1499630,300.0,37.749943080681696,-122.41643555601674,4,2.0,2,t,14,99.0,0.25
446,2020393,197.0,37.769525871766355,-122.42178079345241,3,1.0,1,t,37,95.0,0.73
447,22907447,115.0,37.758926123359615,-122.4188206900256,3,1.0,1,t,17,95.0,7.97
448,3096080,210.0,37.75706938020986,-122.42287109475365,3,1.0,1,f,29,99.0,0.62
449,16178751,185.0,37.7591334594544,-122.41967552985778,2,1.0,1,t,18,100.0,1.21
450,20573374,148.0,37.74865763422487,-122.41870514909051,4,1.0,2,t,0,,
451,23582172,250.0,37.769069186227924,-122.4225812257996,6,1.0,2,t,2,100.0,2.0
452,15346313,400.0,37.75646677903363,-122.4164391023367,6,1.0,3,t,25,99.0,1.39
453,10523811,250.0,37.75907107446106,-122.42021375740455,2,1.0,1,t,23,98.0,1.35
454,23683696,199.0,37.76475736834289,-122.4215723435176,4,1.0,1,t,1,100.0,1.0
455,4106442,146.0,37.754514942989545,-122.41649677240356,4,1.0,1,t,132,94.0,3.12
456,625935,140.0,37.75701828221618,-122.42129522185232,2,1.0,0,t,185,98.0,2.7
457,8320714,200.0,37.759085846877326,-122.42121024734205,6,1.0,2,t,4,100.0,2.79
458,13588571,250.0,37.76082631245302,-122.42010347472807,4,1.5,2,t,19,98.0,0.91
459,7217193,240.0,37.76221601240075,-122.42332215339168,4,1.0,1,t,91,97.0,2.89
460,20642094,143.0,37.75153591997784,-122.41732124074615,4,1.0,1,t,20,97.0,2.76
461,24083593,325.0,37.76901190034374,-122.42427948662848,4,1.5,2,t,0,,
462,726657,322.0,37.762843310767735,-122.42443218151358,4,2.0,2,t,12,94.0,0.19
463,17497608,220.0,37.75483327940779,-122.41418129668594,2,1.0,1,t,15,99.0,1.19
464,17695233,335.0,37.759643593049795,-122.4193609528873,6,2.0,2,t,2,100.0,0.2
465,5413930,214.0,37.76510709980506,-122.4220662711387,4,1.0,2,t,104,94.0,2.77
466,1203062,225.0,37.75598698145347,-122.422198410891,4,1.0,2,t,20,99.0,0.35
467,6836785,192.0,37.75203194986454,-122.422543289443,3,1.0,0,t,149,92.0,4.4
468,3030653,130.0,37.767095940316,-122.42414923159042,2,1.0,1,t,308,95.0,6.49
469,16900525,249.0,37.75368075937715,-122.4205051998678,2,1.0,1,t,10,100.0,0.73
470,10767017,575.0,37.76235785389232,-122.42384588845323,7,2.0,4,t,30,99.0,1.15
471,317951,150.0,37.76670126086466,-122.41992050804707,3,1.0,1,t,10,91.0,0.2
472,18751912,202.0,37.75941824565355,-122.41811166747758,2,1.0,1,t,2,100.0,0.21
473,6092596,174.0,37.763796268707225,-122.42614302470035,2,1.0,1,t,332,98.0,9.82
474,9925099,250.0,37.7587859161925,-122.40776057363479,4,1.5,2,t,3,100.0,0.15
475,20696727,225.0,37.7501815522161,-122.40860898180004,2,1.0,1,t,14,99.0,2.0
476,23326164,100.0,37.75536073508276,-122.40868800149528,2,1.0,1,t,2,100.0,2.0
477,16352294,250.0,37.75040546109643,-122.41107867237305,6,2.0,3,t,8,98.0,0.6
478,937842,245.0,37.75991138550237,-122.4106486486969,4,1.5,2,t,155,94.0,2.54
479,14139656,540.0,37.75939066340097,-122.42116735753423,6,2.0,3,t,29,99.0,1.4
480,7915270,100.0,37.763082260260795,-122.42155139062326,2,1.0,1,t,2,80.0,0.23
481,13282475,225.0,37.75112586456496,-122.42306469440855,4,1.0,2,t,90,97.0,4.13
482,8670481,295.0,37.753493840593535,-122.41958551663694,6,2.0,3,t,100,97.0,3.36
483,621292,120.0,37.76111245604695,-122.4171659524128,1,1.0,1,f,9,100.0,0.13
484,8499631,270.0,37.74854708018332,-122.40941134814243,2,1.0,0,t,72,99.0,2.34
485,68239,326.0,37.75425725549017,-122.42386605698998,4,1.0,1,t,34,99.0,0.4
486,10000073,149.0,37.764702934859145,-122.42219732525213,2,1.0,1,t,159,96.0,5.71
487,23377567,425.0,37.76906125575968,-122.42599296438928,4,2.0,2,t,0,,
488,10638522,153.0,37.75319371889724,-122.41606248429771,5,1.5,1,t,9,98.0,0.47
489,8734202,150.0,37.768054087846494,-122.42152377950224,2,1.0,1,t,31,93.0,1.07
490,15860973,337.0,37.751266040847455,-122.4149382019735,6,2.0,3,t,4,100.0,0.49
491,8053481,229.0,37.75416620694072,-122.42153361123906,4,2.0,2,t,22,98.0,0.71
492,3727061,425.0,37.7551067848281,-122.415147929031,6,2.0,3,t,121,98.0,2.7
493,99094,185.0,37.768086305165035,-122.42439033142362,4,1.0,2,t,11,98.0,0.13
494,21366873,210.0,37.750296783595054,-122.41054824641887,4,1.0,1,t,11,98.0,1.98
495,15233175,125.0,37.75301914312296,-122.41086014391912,2,1.0,2,t,57,97.0,3.13
496,10297903,175.0,37.77012629500256,-122.4216067019777,2,1.0,1,t,14,99.0,0.53
497,17434665,160.0,37.742244024226665,-122.4583845152593,2,1.0,0,t,48,99.0,3.88
498,7581918,115.0,37.728667984559664,-122.46495675699764,3,1.0,1,t,129,95.0,3.97
499,17979286,144.0,37.73230384229869,-122.46017943691238,4,1.0,1,t,41,99.0,3.38
500,1261122,130.0,37.7346056641421,-122.46861543744006,2,1.0,1,t,67,95.0,1.18
501,18777731,225.0,37.73735827775086,-122.4612478402817,3,1.0,1,f,21,92.0,2.01
502,20563658,165.0,37.74253376034028,-122.46450964847128,3,1.0,2,t,29,94.0,3.9
503,6423158,139.0,37.731303384999315,-122.46152008396278,3,1.0,0,t,207,98.0,5.92
504,4105694,200.0,37.73462648636633,-122.45865992179097,5,1.5,2,t,28,94.0,0.65
505,15005046,180.0,37.7332946733691,-122.458348397682,4,1.0,1,t,119,97.0,6.31
506,20361588,225.0,37.72815390370162,-122.46153757637268,4,1.0,1,t,22,100.0,3.06
507,9346930,109.0,37.72876534183578,-122.46142648623686,4,1.0,1,t,58,92.0,2.12
508,22108513,339.0,37.77847937926536,-122.46355115101976,8,1.0,3,t,22,97.0,5.41
509,909052,190.0,37.785397817469395,-122.4643137919018,2,1.0,1,t,48,100.0,0.78
510,19808652,200.0,37.77919554412622,-122.46974739897846,2,1.0,1,t,41,92.0,4.77
511,15327674,195.0,37.776532876631755,-122.47387397974285,4,1.5,2,t,61,98.0,3.36
512,15072528,125.0,37.78030934159955,-122.45079159713941,5,1.0,2,t,5,100.0,0.29
513,11265368,189.0,37.7787893153514,-122.47316090620026,5,1.0,2,f,14,96.0,0.54
514,10810544,129.0,37.78506057948535,-122.46392924694695,2,1.0,1,t,6,97.0,0.23
515,3013520,55.0,37.78031012435651,-122.45099908024493,2,1.0,0,t,19,83.0,0.41
516,19039703,169.0,37.77376223032178,-122.46377678087656,4,1.0,2,t,63,92.0,6.26
517,1344243,125.0,37.78369023664511,-122.46975683655569,2,1.0,1,t,29,89.0,0.52
518,1277771,190.0,37.78523646844706,-122.47627598387736,6,1.0,2,t,328,94.0,5.82
519,720811,135.0,37.775710853194354,-122.4629607181233,2,1.0,1,t,162,95.0,2.44
520,7344289,400.0,37.78118058025808,-122.4663334077015,9,1.0,2,t,153,96.0,4.67
521,2677273,180.0,37.785914888074096,-122.47691623053068,4,1.0,1,t,82,97.0,1.72
522,7726184,275.0,37.77959730881622,-122.47003628889988,6,1.5,2,t,16,95.0,0.49
523,13239272,400.0,37.77642684364214,-122.47753045931545,6,1.5,3,t,4,100.0,0.2
524,13264163,245.0,37.77673772695931,-122.4665722001494,4,1.5,2,t,13,95.0,0.59
525,234394,195.0,37.78448987541317,-122.46188101322069,4,1.5,2,t,37,99.0,0.48
526,8996945,181.0,37.77870670187736,-122.46005732255621,6,1.0,2,t,129,98.0,4.49
527,19459929,40.0,37.77863123989537,-122.44731171267686,4,1.0,1,t,27,99.0,2.88
528,12794288,110.0,37.77489146110306,-122.46816913270716,2,1.0,0,t,11,98.0,0.51
529,13315189,190.0,37.78508570575096,-122.4707728244528,2,1.0,2,t,20,97.0,0.91
530,11277106,139.0,37.785472339176096,-122.46456715446756,4,1.0,2,t,9,82.0,0.36
531,10806778,131.0,37.78398029108267,-122.4622076180108,4,1.5,2,t,8,85.0,0.31
532,4077186,130.0,37.77627399397842,-122.45888151460585,4,1.0,2,t,165,94.0,3.81
533,66119,100.0,37.77797943313199,-122.47812392128417,2,1.0,0,t,95,83.0,1.16
534,2670951,395.0,37.782490107976216,-122.4590820251918,6,2.0,2,t,174,97.0,3.7
535,1847664,128.0,37.77527443248854,-122.45474657354131,2,1.0,1,t,57,94.0,1.08
536,18157539,190.0,37.77456202102189,-122.4595422986099,5,1.0,2,t,28,99.0,2.43
537,614278,265.0,37.77715709370269,-122.46271426037056,6,2.0,3,t,11,100.0,0.16
538,19829957,350.0,37.77843139409147,-122.46422084962934,9,2.0,3,f,3,80.0,0.34
539,19140351,275.0,37.7740877723945,-122.4715388295875,4,1.0,2,t,17,100.0,2.12
540,18199221,475.0,37.77472478707193,-122.47740676920805,6,1.5,3,t,0,,
541,1460628,165.0,37.77878323824937,-122.4625652677753,4,1.0,1,t,132,87.0,2.33
542,12175415,200.0,37.784021492403795,-122.46189416111092,4,1.0,1,t,71,99.0,2.92
543,4956697,125.0,37.778182577831394,-122.4764539539825,3,1.0,2,t,139,89.0,3.57
544,22568177,350.0,37.78023585034576,-122.4735349941015,9,1.5,3,t,2,100.0,2.0
545,9587361,300.0,37.77902558592721,-122.46585422151706,7,1.0,1,t,100,95.0,6.51
546,10227655,349.0,37.78550975276941,-122.47474637471798,4,2.0,2,t,35,100.0,1.27
547,17778664,260.0,37.786089510833634,-122.46935593030364,4,1.0,1,t,20,97.0,1.57
548,10830317,199.0,37.77500141761807,-122.46674683148176,4,1.0,2,t,4,100.0,0.2
549,8717641,175.0,37.778593987579434,-122.46735368603942,2,1.0,1,t,110,99.0,3.75
550,1687330,190.0,37.78454795220815,-122.47520430103457,6,1.0,2,t,39,97.0,0.72
551,12437037,89.0,37.774856568989016,-122.46234613245535,2,1.0,1,t,193,93.0,8.15
552,9347891,135.0,37.77421532939331,-122.46773239051605,3,1.0,1,t,136,100.0,4.72
553,8777405,135.0,37.77642460335925,-122.47006144664272,2,1.0,0,t,143,97.0,4.89
554,12069391,118.0,37.77966283662846,-122.46662471954458,4,1.0,1,t,11,100.0,0.48
555,6269649,375.0,37.77505787201316,-122.463773169783,5,1.0,2,t,8,95.0,0.25
556,18229319,149.0,37.774692565751636,-122.46235467629333,4,1.0,2,t,4,93.0,4.0
557,934012,115.0,37.77464644969854,-122.46206038902336,4,1.0,1,t,58,95.0,0.96
558,15856221,249.0,37.78095280896038,-122.46670784001785,4,1.0,2,t,25,94.0,1.82
559,19404355,335.0,37.799364189536206,-122.44411607904637,4,1.0,1,t,10,100.0,1.27
560,20746223,130.0,37.801210827707905,-122.43727187800691,4,1.0,0,t,1,100.0,0.25
561,19826952,495.0,37.80222699415953,-122.44360934524096,8,2.0,3,t,11,96.0,1.44
562,15311575,170.0,37.802840957317045,-122.43270867174856,3,1.0,0,t,2,100.0,0.11
563,21267994,350.0,37.805015140073856,-122.43303102693251,6,1.0,2,f,0,,
564,17587530,195.0,37.80090120448476,-122.43895241360664,2,1.0,0,t,17,100.0,1.4
565,4654737,349.0,37.80097733180195,-122.43908125479912,7,1.5,2,t,85,93.0,2.13
566,5804060,109.0,37.79797829111564,-122.43022639360369,6,1.0,1,t,57,88.0,1.56
567,1142127,125.0,37.804726406110575,-122.43911498261562,3,1.0,1,t,52,96.0,0.89
568,2189514,220.0,37.803865708859675,-122.42942449892335,2,1.0,1,t,24,98.0,0.47
569,357551,360.0,37.80434091950715,-122.43911076138208,4,1.5,2,t,77,99.0,1.07
570,22250004,165.0,37.79879897384722,-122.43024525000355,2,1.0,0,t,9,98.0,2.7
571,4838843,550.0,37.7974920551749,-122.44257952110986,4,1.5,2,t,30,99.0,0.88
572,200663,190.0,37.79704807778053,-122.44706767177843,4,1.0,1,t,29,96.0,0.97
573,18519411,800.0,37.79806543127352,-122.43132821449863,7,2.0,3,t,4,100.0,0.38
574,10897864,150.0,37.79822197241077,-122.44095118273864,2,1.0,0,t,40,96.0,1.52
575,2233416,165.0,37.80152176069566,-122.43112596112205,2,1.0,1,t,19,99.0,0.37
576,640605,185.0,37.80391969771847,-122.43422245229866,2,1.0,1,t,50,97.0,0.73
577,134015,305.0,37.80356039109715,-122.42588865524272,4,1.0,2,t,64,97.0,0.78
578,4040760,249.0,37.79885370778917,-122.42676166556015,2,2.0,1,t,12,100.0,0.57
579,22357775,250.0,37.798248575070225,-122.43444063604127,3,1.0,1,t,1,100.0,1.0
580,10592263,200.0,37.796962973482145,-122.4334124610088,3,1.0,1,t,0,,
581,18488036,315.0,37.80410477280285,-122.44081156230207,3,1.0,2,t,7,97.0,0.65
582,189894,150.0,37.8031780774682,-122.42977370463731,2,1.0,1,t,27,97.0,0.4
583,758815,200.0,37.80508426855031,-122.44226014454149,3,1.0,1,t,5,92.0,0.11
584,7562547,350.0,37.80332253983934,-122.43982260577721,2,1.0,1,f,13,100.0,0.4
585,1629734,173.0,37.796933832227545,-122.42997804053505,2,1.0,1,t,7,91.0,0.23
586,1615260,475.0,37.804616430772974,-122.44094483457269,4,2.0,2,t,40,97.0,0.8
587,4242823,525.0,37.799205742324894,-122.43254838395978,5,2.0,2,t,13,94.0,0.32
588,14427529,250.0,37.797243089599384,-122.4319386879292,2,1.0,1,t,24,99.0,1.22
589,581216,196.0,37.80171787412727,-122.43501307494164,5,1.0,3,t,233,95.0,3.34
590,19945680,375.0,37.80201606627297,-122.43627750621978,6,1.0,3,t,8,98.0,1.04
591,20618671,250.0,37.802177828818394,-122.4388574893634,2,1.0,1,t,5,100.0,0.77
592,2072177,225.0,37.806084404852434,-122.44086954264874,2,1.0,1,t,129,90.0,2.49
593,12614397,345.0,37.798954275772594,-122.44363377715321,4,1.5,2,t,7,100.0,0.77
594,7921739,329.0,37.80527830930045,-122.44026499785481,2,1.0,1,t,24,100.0,0.77
595,14179987,169.0,37.80008846694979,-122.44286727735658,2,1.0,1,t,78,94.0,3.82
596,1263837,275.0,37.79940577078549,-122.44298403042951,2,1.0,1,t,39,97.0,0.67
597,1364882,329.0,37.79917574676911,-122.43883883621746,2,1.0,1,t,52,100.0,1.46
598,1212822,460.0,37.803624233538116,-122.44547313365149,6,2.0,3,t,28,96.0,0.49
599,16859066,299.0,37.80546526699123,-122.44601092335077,3,1.0,1,t,15,100.0,1.09
600,1683892,295.0,37.80279965524332,-122.44078222832606,2,1.0,1,t,6,100.0,0.11
601,14770612,250.0,37.71868720554981,-122.38841842397562,5,2.0,2,t,9,96.0,3.1
602,2521327,120.0,37.73253691908697,-122.38840401219863,2,1.0,1,t,20,86.0,0.46
603,15990158,150.0,37.72995417115078,-122.38954707338007,5,2.0,2,t,5,85.0,0.32
604,7788844,115.0,37.731320502158646,-122.39138088672492,5,1.0,2,t,146,94.0,4.71
605,18587279,78.0,37.735666016992596,-122.38712070249916,2,1.0,1,t,79,97.0,7.25
606,18777105,145.0,37.721888142104646,-122.389386748639,4,1.0,2,t,30,94.0,2.97
607,5217164,115.0,37.72982233463887,-122.39172250720682,2,1.0,1,t,53,91.0,1.47
608,15075530,135.0,37.73504164794906,-122.39281089194859,4,1.0,2,t,69,97.0,4.27
609,15179182,250.0,37.739056007150545,-122.3853723352194,6,1.0,2,t,131,97.0,7.59
610,11571063,115.0,37.734824405591596,-122.39578333501787,2,1.0,1,f,76,92.0,3.13
611,3985406,80.0,37.715565115001276,-122.41006867030323,4,1.0,1,t,27,90.0,5.23
612,6145605,150.0,37.71389208487345,-122.39808935721796,3,1.0,0,t,59,90.0,1.64
613,15843007,82.0,37.712944240595576,-122.39887236304456,2,1.0,1,f,64,95.0,3.83
614,19891811,180.0,37.719753091853256,-122.40177951783537,7,1.0,1,t,26,88.0,3.04
615,19491887,65.0,37.72071322003762,-122.40902943225252,3,1.0,1,t,30,100.0,8.33
616,22452250,425.0,37.79626093317498,-122.43055156173789,9,2.0,4,t,12,92.0,4.29
617,1110787,229.0,37.78983032212006,-122.43481408829562,2,1.0,1,t,62,94.0,1.03
618,9180885,358.0,37.78974381480474,-122.42919430662887,5,1.0,2,t,70,96.0,2.36
619,15770116,400.0,37.79517333339643,-122.42783984870096,9,2.5,4,t,54,98.0,3.58
620,19810694,150.0,37.790048380030214,-122.43079575122513,2,1.0,1,f,27,98.0,3.15
621,16569308,250.0,37.791500804653786,-122.43778395761402,4,1.5,2,f,8,95.0,0.75
622,10862977,223.0,37.79543219793173,-122.43710510634732,4,2.0,2,t,4,90.0,0.16
623,1352111,180.0,37.79005956426415,-122.43236443679208,2,1.0,1,t,117,99.0,2.07
624,971495,195.0,37.79068877154779,-122.43725821229499,4,1.0,2,t,3,100.0,0.24
625,2503408,200.0,37.794064496198956,-122.42660627379688,2,1.0,1,t,25,98.0,0.7
626,54634,115.0,37.791664463998366,-122.42649785318217,2,1.0,1,t,32,,
627,1821543,150.0,37.79058865638206,-122.43884118901852,2,1.0,1,t,12,100.0,0.25
628,544188,190.0,37.79341004710885,-122.42521418402224,8,2.0,2,t,79,96.0,1.12
629,19407153,140.0,37.79043947968663,-122.43932882815056,3,1.0,0,f,10,98.0,1.09
630,12368621,275.0,37.79025437935231,-122.4443867603048,2,1.0,1,t,74,92.0,3.13
631,10592499,267.0,37.792151842562376,-122.43475579632678,2,1.0,1,t,23,97.0,0.88
632,2257205,400.0,37.793240184708544,-122.43397564296404,4,1.0,2,t,22,85.0,0.66
633,5615061,1000.0,37.791764860182866,-122.42879308103107,3,1.0,2,t,2,100.0,0.13
634,12953897,450.0,37.795430929364535,-122.4235908149316,5,2.0,3,t,12,100.0,0.55
635,14485051,225.0,37.78836973781501,-122.44015290091768,4,1.0,1,t,72,97.0,3.79
636,12985543,291.0,37.794184526720535,-122.43164545388396,4,1.0,1,f,41,96.0,1.87
637,9752553,300.0,37.79356133259561,-122.436599854104,4,1.0,1,t,15,98.0,0.55
638,3672198,180.0,37.797527272910436,-122.42392245105162,2,1.0,1,t,110,97.0,2.46
639,6526129,129.0,37.790344457939455,-122.43480146692566,1,1.0,0,t,1,80.0,0.05
640,2636716,140.0,37.79369580988217,-122.42496784463644,2,1.0,0,t,21,80.0,0.82
641,159273,250.0,37.79485583831766,-122.43042031777635,6,1.0,3,t,114,89.0,2.05
642,7227605,750.0,37.79255373577496,-122.44272916102163,5,1.5,3,t,25,97.0,0.79
643,16417011,400.0,37.79537099933777,-122.42460678652941,4,2.0,2,f,18,99.0,1.23
644,21712007,150.0,37.793952020587625,-122.42507849760584,2,1.0,1,t,0,,
645,20526676,2850.0,37.79502635638647,-122.42474921334184,6,3.5,3,t,0,,
646,4785521,400.0,37.789476952437504,-122.43806042079414,6,2.0,2,t,12,92.0,0.34
647,3889219,320.0,37.7965877280697,-122.42750693260899,4,1.5,2,t,20,95.0,0.45
648,17461924,300.0,37.79031240998489,-122.43208447788572,4,1.5,1,t,66,99.0,5.05
649,21619919,320.0,37.79287796714612,-122.4238646203403,2,1.0,0,t,0,,
650,19506419,175.0,37.78899565111493,-122.43882988705107,2,1.0,1,t,4,100.0,0.54
651,19329448,99.0,37.79197157601654,-122.42976592708249,3,1.0,0,t,34,96.0,3.52
652,1525137,210.0,37.787788275916654,-122.44392816821819,3,1.0,1,t,188,96.0,3.39
653,3896205,140.0,37.78882436667264,-122.44693525406865,2,1.0,1,t,30,95.0,1.04
654,8473183,125.0,37.788820105631096,-122.44321376161732,2,1.0,1,t,133,97.0,4.31
655,6974480,165.0,37.78984455031775,-122.44576963002855,2,1.0,0,t,57,98.0,2.45
656,13788581,225.0,37.79106919969614,-122.44283152976908,2,1.0,1,t,18,99.0,0.86
657,21965592,198.0,37.79409767928037,-122.43928196851408,2,1.0,1,f,13,97.0,3.28
658,8989344,375.0,37.79075595140928,-122.44305499870559,3,1.0,2,t,47,99.0,1.69
659,19180151,1000.0,37.794695487670786,-122.43680926632919,6,2.5,3,t,0,,
660,18851429,595.0,37.79587703076954,-122.42869913188,6,2.5,3,t,23,99.0,2.2
661,5327231,445.0,37.78972235958747,-122.43921850308928,4,2.0,3,t,1,100.0,0.1
662,22307565,199.0,37.79002456779378,-122.43721568329158,2,1.0,1,t,3,100.0,0.93
663,15301909,285.0,37.78632695834146,-122.45603462524255,4,1.0,1,f,3,53.0,0.17
664,11326769,365.0,37.787270186517354,-122.45834038632269,4,1.0,1,f,25,94.0,0.98
665,23465251,130.0,37.78755536112956,-122.46002147171856,3,1.0,1,t,1,100.0,1.0
666,5919500,325.0,37.789205441628106,-122.45072914671258,4,1.0,1,t,90,99.0,2.52
667,22814663,130.0,37.78473446845288,-122.44879543341308,2,1.0,1,t,9,89.0,4.03
668,15305339,325.0,37.78777859617726,-122.45910134961916,4,1.0,1,f,2,100.0,0.13
669,1442028,390.0,37.78614950138326,-122.39359159121055,6,2.0,3,t,37,91.0,0.72
670,20884259,800.0,37.76690611682623,-122.39832300483688,4,1.0,1,f,0,,
671,23290433,750.0,37.77744802940169,-122.41495858844118,4,2.0,2,t,3,100.0,2.37
672,19196925,347.0,37.778983946689145,-122.40346861287159,4,2.0,2,t,8,97.0,0.94
673,18814432,160.0,37.77799768661809,-122.40413774244104,4,1.0,1,f,0,,
674,20815303,270.0,37.7742359494095,-122.40871244148434,6,1.5,1,t,34,90.0,5.18
675,8760949,325.0,37.77230928399551,-122.42129742149228,4,1.0,2,t,12,95.0,0.44
676,16944112,155.0,37.78072843685979,-122.40523185391935,2,1.0,0,t,16,93.0,1.11
677,16986456,245.0,37.78506813058506,-122.39034255222576,2,1.0,1,f,19,95.0,1.34
678,16806706,160.0,37.78120199753876,-122.40626999322477,2,1.0,0,t,25,95.0,1.72
679,4718898,230.0,37.770792692886545,-122.42151841753099,2,1.0,1,t,4,100.0,0.12
680,14606464,150.0,37.77971301226201,-122.3953636832177,3,1.0,2,f,1,100.0,0.17
681,9971053,325.0,37.775680212575594,-122.41076337862896,5,2.0,2,t,26,94.0,1.15
682,1725833,325.0,37.78898573998706,-122.38933128539473,4,2.0,2,t,26,97.0,0.47
683,1229606,104.0,37.776297975423475,-122.40965591127821,4,1.0,1,t,101,93.0,1.73
684,1807493,170.0,37.77913199659453,-122.40463682808,2,1.0,1,t,102,93.0,1.89
685,1783301,160.0,37.77697683631339,-122.41362731162874,2,1.0,1,t,35,98.0,0.65
686,8472666,250.0,37.772185828513436,-122.41672221479028,4,1.0,2,t,25,93.0,0.83
687,23842917,299.0,37.78688477429358,-122.39079812695364,1,1.0,0,t,0,,
688,23686008,334.0,37.78311327982964,-122.38928833188679,10,2.0,2,t,1,80.0,1.0
689,21920818,105.0,37.78120462127298,-122.38939913370672,2,1.0,0,f,2,100.0,0.48
690,22943630,240.0,37.77117108584408,-122.41387888745994,4,1.5,1,t,5,100.0,2.59
691,23577552,200.0,37.776659397102605,-122.41617820466664,6,2.0,2,t,1,100.0,1.0
692,11947710,195.0,37.77726640488544,-122.41112743465649,2,1.0,1,t,12,95.0,0.5
693,9882716,275.0,37.774259104526095,-122.40191779151421,4,1.0,2,t,143,97.0,5.19
694,117955,500.0,37.775408075445405,-122.4114224310228,8,2.0,2,t,69,96.0,1.04
695,23401931,290.0,37.773183440610616,-122.40262747072113,5,2.0,2,t,2,100.0,2.0
696,1598489,225.0,37.77330573082398,-122.41261495667987,2,1.0,1,t,41,98.0,14.64
697,23667851,499.0,37.77833331377032,-122.41455939766796,4,2.0,2,f,2,100.0,2.0
698,7439398,339.0,37.77533802620181,-122.41769481650641,2,1.0,1,t,22,97.0,0.67
699,14225205,185.0,37.77397077810174,-122.41481502970751,2,1.0,1,t,82,96.0,4.17
700,14234871,150.0,37.78076265170403,-122.40790314025273,4,1.0,2,f,47,84.0,2.32
701,12811308,239.0,37.778925945015466,-122.40390894067646,6,2.0,2,t,47,88.0,2.03
702,10858096,250.0,37.77650011182282,-122.40397545284695,4,2.0,2,t,39,96.0,1.49
703,10414061,275.0,37.77829286467313,-122.3941478755738,4,1.0,2,f,43,95.0,1.63
704,21448455,695.0,37.783425492253215,-122.39848566774172,2,1.0,1,f,17,99.0,3.42
705,3663532,130.0,37.77776691336659,-122.40380299381805,4,1.0,1,t,36,93.0,0.8
706,1629330,200.0,37.77958077279658,-122.39743219667808,4,1.0,1,t,21,99.0,0.38
707,1329465,200.0,37.77805862088545,-122.39501098469525,3,1.0,1,t,6,96.0,0.15
708,138681,500.0,37.7728428945825,-122.39686539739073,6,2.0,3,t,2,100.0,0.02
709,59314,225.0,37.77697890439628,-122.41046863491384,2,1.0,2,t,124,96.0,1.4
710,21619241,240.0,37.77779181185458,-122.414788285065,5,2.0,2,t,3,100.0,1.58
711,23671493,570.0,37.776190654686594,-122.41239888522713,5,2.0,2,f,2,80.0,2.0
712,728486,183.0,37.78220135855289,-122.40399946037552,2,1.5,1,t,48,97.0,0.74
713,626349,123.0,37.781108118985884,-122.40597362985173,4,1.0,1,t,36,96.0,0.52
714,271602,169.0,37.776414297518365,-122.40453636486582,2,1.0,1,t,97,97.0,1.27
715,472901,175.0,37.77296524316408,-122.40301458331324,2,1.0,0,t,214,98.0,2.99
716,3813064,222.0,37.77664011400979,-122.41581958109907,5,2.0,2,t,2,90.0,0.06
717,21581753,175.0,37.77152693668312,-122.40475778749004,4,1.0,1,t,5,95.0,1.26
718,242008,160.0,37.77498573484536,-122.40634931130349,2,1.0,1,t,41,96.0,0.68
719,18639124,199.0,37.77908957489641,-122.41425482641728,4,1.0,1,t,30,96.0,2.94
720,22740977,239.0,37.77667059515514,-122.414525483725,3,1.0,1,t,0,,
721,3780418,170.0,37.77576471108707,-122.41549150786982,2,1.0,0,t,258,97.0,5.89
722,404102,150.0,37.78049712057347,-122.40933651797708,3,1.0,1,t,22,100.0,0.3
723,21170799,269.0,37.77596479053162,-122.40999149585436,4,1.5,2,t,7,100.0,1.15
724,14762607,190.0,37.774748709142095,-122.40828682277882,2,1.0,1,t,3,100.0,0.16
725,23142556,250.0,37.77111224502503,-122.40416820834974,2,1.0,1,t,5,100.0,3.75
726,1080980,595.0,37.77807223122291,-122.41010258803101,4,2.0,2,t,58,98.0,1.09
727,22227463,315.0,37.777808460331066,-122.4140065253364,6,2.0,2,t,1,100.0,0.29
728,18127110,135.0,37.79030743172638,-122.38995775243887,2,1.0,0,f,9,90.0,0.79
729,21413151,150.0,37.77684143624187,-122.41580647683183,2,1.0,1,t,15,97.0,3.0
730,22342735,398.0,37.774223052912276,-122.39460662180453,6,2.0,2,t,1,100.0,1.0
731,21472950,150.0,37.777461971750384,-122.39243899912708,2,1.0,1,t,2,100.0,0.62
732,15181903,150.0,37.772068045840065,-122.3929168974353,2,1.0,1,f,38,98.0,2.08
733,23258791,350.0,37.7786445486966,-122.39736838156642,4,2.0,2,t,1,100.0,1.0
734,14339856,250.0,37.786585062350994,-122.38976173856443,2,1.0,1,f,11,100.0,0.57
735,21280829,264.0,37.776216966531074,-122.41487181454201,5,2.0,2,t,14,100.0,2.75
736,10686929,120.0,37.77415126467327,-122.40860881702221,2,1.0,1,t,13,98.0,0.62
737,20857978,300.0,37.771086502664296,-122.40474836882693,2,1.0,1,t,4,100.0,1.24
738,3309722,200.0,37.738805405433055,-122.42521382517937,2,1.0,1,t,261,98.0,5.93
739,20384208,150.0,37.737068296060755,-122.42969466955044,3,1.0,1,t,2,100.0,2.0
740,20245715,150.0,37.7371877178285,-122.43126652435677,3,1.0,1,t,3,100.0,0.5
741,21552181,225.0,37.73789540338926,-122.42823529183242,3,1.0,1,t,6,100.0,1.88
742,11101987,130.0,37.73427647120108,-122.43625173869832,2,1.0,0,t,76,98.0,3.02
743,2102793,210.0,37.738043745331524,-122.42758578792305,4,1.0,1,t,8,97.0,0.19
744,18567743,136.0,37.74071327523265,-122.4274335811462,4,1.0,1,t,30,100.0,2.79
745,15270469,118.0,37.73678550070315,-122.43863577659214,2,1.0,1,t,17,99.0,1.95
746,3395051,425.0,37.74167676189617,-122.43060762792926,6,3.0,2,t,4,100.0,0.09
747,3712976,178.0,37.738360290522216,-122.42704536777916,4,1.0,2,t,23,97.0,0.52
748,190878,135.0,37.737944062814755,-122.42969756456579,4,1.0,0,t,13,89.0,0.16
749,15735313,285.0,37.76207354783525,-122.40455973104868,4,1.0,1,t,19,99.0,1.1
750,20468187,143.0,37.76518033181028,-122.39699913592823,4,1.0,2,t,16,91.0,2.45
751,8184928,110.0,37.76053872509219,-122.40395773384272,6,1.0,1,t,12,98.0,0.39
752,11048759,155.0,37.75503409832464,-122.40183504388365,3,1.0,0,t,71,97.0,2.72
753,2072098,160.0,37.763855997591456,-122.39609365206793,3,1.0,1,t,27,96.0,0.54
754,487019,190.0,37.75599837299668,-122.40022348993305,6,2.0,3,t,17,85.0,0.25
755,1003756,262.0,37.75963215314759,-122.40191548809084,3,1.5,2,t,9,98.0,0.16
756,20649513,350.0,37.75743083499334,-122.38946800428484,4,2.0,2,t,3,93.0,0.41
757,22754156,300.0,37.75413876892828,-122.40236633217121,4,1.5,2,t,0,,
758,3205059,145.0,37.7605020607998,-122.39355297884278,2,1.0,1,t,86,96.0,1.95
759,1855096,190.0,37.764578681656005,-122.39335367229404,4,1.0,1,t,217,99.0,4.08
760,11659435,230.0,37.761592422689425,-122.40461239281305,5,1.0,2,t,48,94.0,1.96
761,288213,190.0,37.75971287904621,-122.38833336444763,2,1.0,1,f,143,98.0,1.9
762,596462,165.0,37.75954413000208,-122.40256698986714,3,1.0,1,t,25,99.0,1.37
763,23355213,200.0,37.757800805694906,-122.40197101806335,4,1.0,0,t,1,100.0,1.0
764,4753566,240.0,37.7565187717714,-122.39914343044956,2,1.0,1,t,1,100.0,0.25
765,4713319,250.0,37.75992790199843,-122.39231019107606,2,1.5,1,f,13,94.0,0.32
766,6884454,150.0,37.76243176591178,-122.40185370636304,5,1.0,1,f,6,100.0,0.19
767,948066,210.0,37.76243973161349,-122.40375061709314,2,1.0,1,t,46,93.0,0.75
768,980783,181.0,37.764602140262866,-122.40414559982035,2,1.0,1,t,145,99.0,2.43
769,496226,157.0,37.76197005567102,-122.40365311246342,3,1.0,1,t,126,94.0,1.8
770,19830610,230.0,37.756145651726214,-122.38776451400656,2,1.0,1,t,8,98.0,1.17
771,4228444,147.0,37.75432067200449,-122.40017140845235,2,1.0,1,t,45,88.0,1.06
772,22268114,335.0,37.75980122439053,-122.39527418245063,6,3.5,3,t,2,100.0,0.63
773,699723,395.0,37.766437653180155,-122.39588333974704,4,2.0,2,t,36,97.0,0.61
774,21275763,179.0,37.76058693897212,-122.40214605581328,2,1.0,1,f,16,96.0,2.96
775,8049455,200.0,37.759086887207474,-122.40055613899106,2,1.0,1,t,81,97.0,2.59
776,2355859,280.0,37.76216762371329,-122.39543049681535,2,1.0,1,t,54,98.0,1.1
777,14304773,224.0,37.7640972562831,-122.38774822020711,4,2.0,0,t,17,100.0,0.89
778,6749412,177.0,37.760337817872895,-122.40524992729887,6,1.0,1,t,115,95.0,3.37
779,21596397,110.0,37.756552448946145,-122.40266608130243,2,1.0,1,t,13,95.0,3.1
780,392543,250.0,37.76195710392393,-122.39411379685879,2,1.0,1,t,86,96.0,1.32
781,15024335,500.0,37.7592798333279,-122.38937861136887,6,2.0,2,t,20,98.0,1.09
782,18929307,279.0,37.762812517638494,-122.40141897206504,4,2.0,2,t,38,99.0,3.8
783,862201,179.0,37.753183857769855,-122.40123758154444,3,1.0,0,t,136,96.0,2.19
784,8438267,195.0,37.761180481247024,-122.39670333536137,4,1.0,2,t,29,96.0,1.21
785,17961646,340.0,37.76061081232386,-122.40075430279799,4,1.0,2,f,19,98.0,1.72
786,16518454,107.0,37.762989242481325,-122.39400163653656,2,1.0,1,t,29,99.0,1.93
787,7327920,229.0,37.75308335561062,-122.40148731276146,3,1.0,1,t,174,100.0,5.55
788,15984328,188.0,37.7571412633354,-122.40163077251611,3,1.0,0,t,30,100.0,1.88
789,8417986,160.0,37.758078155228226,-122.39977553777241,2,1.0,1,t,43,99.0,1.4
790,3994686,282.0,37.760571742803094,-122.39652587064043,4,1.0,1,t,40,96.0,0.94
791,7899085,140.0,37.760648972082826,-122.40145687606564,2,1.0,1,t,24,100.0,1.5
792,5242394,170.0,37.75744707796289,-122.39901376699163,5,1.0,1,t,47,97.0,1.75
793,7517932,250.0,37.76104030531353,-122.44167573566358,2,1.0,1,t,20,98.0,0.61
794,6544530,399.0,37.760137646777466,-122.43213010645592,6,2.5,2,t,19,97.0,0.58
795,15855837,290.0,37.76924693401659,-122.43076919559549,5,1.0,2,t,8,95.0,0.48
796,14008953,365.0,37.75934448308207,-122.42626772131865,4,2.0,3,t,3,93.0,0.15
797,17345722,250.0,37.76156477301743,-122.42884713438669,4,1.0,2,t,8,98.0,0.74
798,20624559,129.0,37.76344665126469,-122.44073726256737,2,1.0,0,t,45,99.0,6.05
799,19576132,128.0,37.76479188274901,-122.42671095941324,3,1.0,1,t,38,99.0,4.21
800,9661919,199.0,37.75895662105536,-122.433802558883,4,3.0,2,t,1,100.0,0.04
801,22435235,485.0,37.76560183418244,-122.43386286245298,8,2.0,4,t,0,,
802,21836601,175.0,37.767548258693935,-122.43130196097692,2,1.0,1,f,20,95.0,5.45
803,22088324,250.0,37.759251355101966,-122.43936591883384,5,2.0,2,t,0,,
804,1433917,175.0,37.758668152934106,-122.43454108070331,2,1.0,1,t,124,98.0,2.28
805,6793767,120.0,37.7564730654284,-122.43579565760248,1,1.0,0,t,55,99.0,1.7
806,6887043,150.0,37.76337998603749,-122.436975548262,2,1.0,1,t,4,100.0,0.12
807,1407881,160.0,37.763612516655655,-122.4306292998978,2,1.0,0,t,197,96.0,3.48
808,6156195,249.0,37.7607708575329,-122.43620655107384,4,1.0,1,t,85,98.0,2.4
809,5505643,300.0,37.76451503936357,-122.42717682950158,4,2.0,2,f,44,100.0,1.88
810,2551994,198.0,37.763115475386435,-122.43150378861245,4,1.0,1,t,63,97.0,1.28
811,2283773,10.0,37.762320846357305,-122.42981087729191,5,2.0,2,t,1,100.0,0.03
812,1246891,111.0,37.76392951112498,-122.43502197681671,2,1.0,1,t,174,98.0,2.97
813,23044309,119.0,37.757907794719614,-122.43806110839829,2,1.0,1,t,5,100.0,5.0
814,7886634,125.0,37.759302582402206,-122.43895041229686,2,1.0,0,f,74,96.0,3.26
815,18675661,400.0,37.76085574734886,-122.43647864688799,4,1.0,2,f,5,100.0,0.51
816,18359884,250.0,37.76800680771343,-122.43867547974614,2,1.0,0,f,42,100.0,5.16
817,3319159,115.0,37.764382162841436,-122.43046684960548,2,1.0,1,t,16,94.0,0.41
818,1182465,99.0,37.756642381433934,-122.43983966980223,4,1.0,2,t,26,95.0,0.44
819,17982304,172.0,37.76097357163884,-122.43823551072651,4,1.0,1,t,104,99.0,8.74
820,21529418,202.0,37.76181601819688,-122.43739969207105,4,1.0,2,t,5,90.0,2.14
821,18615032,130.0,37.76515571126816,-122.43427501805529,2,1.0,0,t,54,99.0,5.29
822,5641815,135.0,37.758753524118205,-122.43363933606808,2,1.0,0,t,201,95.0,5.4
823,10948108,175.0,37.76420209668829,-122.43797168116274,2,1.0,0,t,35,97.0,1.32
824,65408,225.0,37.76095869503109,-122.432199269292,6,1.0,2,t,83,95.0,0.95
825,17318005,180.0,37.768724433455326,-122.4341635489488,3,1.0,1,t,63,100.0,4.87
826,17865626,250.0,37.766555151782505,-122.4266081818998,3,1.5,2,t,15,100.0,1.59
827,870532,240.0,37.764688241203935,-122.43424040399914,4,1.0,2,t,102,96.0,1.66
828,1450899,205.0,37.75836185598897,-122.42736311188331,3,1.0,2,t,10,100.0,0.53
829,7764531,200.0,37.768789648913476,-122.4315824828286,5,1.0,3,t,1,,0.05
830,23583038,349.0,37.76120127610614,-122.43136887446924,4,1.0,2,t,1,,1.0
831,4880988,126.0,37.75889461800828,-122.43750006409364,3,2.0,2,t,6,93.0,0.17
832,13430730,125.0,37.765514063987844,-122.44031728860763,4,1.0,1,t,16,100.0,0.77
833,10943648,95.0,37.766472709089776,-122.43460963614152,2,1.0,1,t,1,,1.0
834,10105531,10.0,37.76167882791253,-122.42963199456814,2,1.0,1,t,18,91.0,1.36
835,9758393,425.0,37.764236163465426,-122.4275862578424,4,1.5,2,f,40,94.0,1.45
836,7037700,200.0,37.76801532836009,-122.43370783809375,6,1.0,2,t,10,98.0,0.32
837,1843662,135.0,37.76448235228922,-122.42923810328678,5,1.0,2,t,17,89.0,0.37
838,1999524,173.0,37.7641241982312,-122.4337538232442,6,1.0,2,t,206,97.0,4.08
839,27025,175.0,37.76297967565378,-122.43136441227804,2,1.0,1,t,129,100.0,1.34
840,361230,270.0,37.76078925600568,-122.43446716426722,5,1.0,2,t,175,96.0,2.42
841,3343629,217.0,37.757205746506976,-122.43731921087223,4,2.0,3,t,4,90.0,0.11
842,10876562,199.0,37.758754613088776,-122.43513832686205,4,1.0,1,f,51,100.0,2.08
843,22483620,300.0,37.75845141971951,-122.42926926037902,2,1.0,1,f,0,,
844,3116428,200.0,37.76788241761107,-122.43608138656064,3,1.0,2,t,20,96.0,0.43
845,1251570,430.0,37.765180765520896,-122.42790999567465,4,1.0,2,t,31,96.0,0.54
846,13046853,187.0,37.76206115759412,-122.43576434355805,2,1.0,1,t,13,98.0,0.6
847,4074316,210.0,37.76176789183923,-122.42881983424951,2,1.0,1,t,9,98.0,0.39
848,16160696,349.0,37.75954782384851,-122.42669237581372,4,1.5,2,t,31,100.0,1.91
849,664206,299.0,37.76720585344604,-122.43227465299499,4,2.0,2,t,11,100.0,0.17
850,23087617,1100.0,37.75962548433772,-122.43398029812164,8,2.0,3,t,0,,
851,19753187,325.0,37.75984216213696,-122.42639053748485,4,1.0,2,t,4,95.0,0.51
852,21068452,225.0,37.76348207624772,-122.43437595657062,4,1.0,1,t,4,90.0,0.66
853,21243333,180.0,37.765084056607655,-122.43442673902392,4,1.0,1,t,3,100.0,0.54
854,4782281,180.0,37.760315551770475,-122.42885756440779,4,1.0,2,t,184,90.0,4.69
855,13857866,236.0,37.76165842645169,-122.42943461110913,2,1.0,1,t,148,99.0,7.03
856,128230,328.0,37.75886842493242,-122.4356477818782,3,1.0,1,t,125,99.0,1.5
857,23709477,200.0,37.763055737860796,-122.42654204418731,2,1.0,0,t,1,100.0,1.0
858,45299,149.0,37.76068103780288,-122.43330627768971,2,1.0,0,t,103,94.0,1.11
859,23303083,159.0,37.764115857140375,-122.43007003567226,4,1.0,2,t,0,,
860,23150717,180.0,37.76442858160637,-122.42766950995899,2,1.0,1,t,4,100.0,3.43
861,22926606,250.0,37.76053213633461,-122.43428521682993,4,1.0,2,t,1,80.0,1.0
862,22015376,300.0,37.7594427270979,-122.43414174156716,5,2.0,2,t,5,100.0,1.28
863,5091663,220.0,37.758600350584494,-122.43118192151421,2,1.0,1,t,226,93.0,5.8
864,23680625,275.0,37.767667833808076,-122.4325379857705,6,1.5,3,t,0,,
865,21646993,300.0,37.760870725825015,-122.43782614269756,4,1.0,2,t,5,100.0,2.34
866,16944675,295.0,37.761862358003064,-122.43070521625391,6,1.0,2,t,19,100.0,1.68
867,21786112,280.0,37.758320804412435,-122.42859832641831,6,1.0,2,f,0,,
868,374997,549.0,37.76054604147085,-122.44221005688348,6,1.0,3,t,30,94.0,0.48
869,8904047,155.0,37.76280603268137,-122.42825200784071,2,1.0,1,f,149,95.0,5.09
870,5549826,170.0,37.764025678305366,-122.43560835180824,2,1.0,0,t,264,100.0,7.22
871,352165,115.0,37.75813280980431,-122.43550141074499,3,1.0,1,t,161,89.0,3.28
872,17369805,250.0,37.764478045786284,-122.42796976662493,2,1.5,0,f,35,99.0,2.71
873,14691164,280.0,37.7659028752717,-122.43470347468512,4,1.0,2,t,38,99.0,2.66
874,18184143,149.0,37.76224130777225,-122.43371163582172,4,1.0,1,t,12,98.0,1.1
875,3664261,229.0,37.765396565981476,-122.43742553904785,5,1.0,2,t,137,95.0,3.48
876,20851971,401.0,37.76074938388352,-122.43779204473765,4,1.0,2,t,11,85.0,1.68
877,1150867,260.0,37.76846397226408,-122.43862853252637,3,1.0,1,t,261,97.0,4.51
878,14962746,120.0,37.762381817938426,-122.4445747254729,2,1.0,0,t,12,98.0,0.8
879,21281754,205.0,37.759879744209336,-122.44321252157202,1,1.0,1,t,3,100.0,0.6
880,20425693,195.0,37.7667531864487,-122.44065268773092,2,1.0,0,f,9,96.0,1.31
881,24239325,194.0,37.761334257958815,-122.4446633793602,1,1.0,0,t,0,,
882,20620600,398.0,37.76566501374783,-122.43673267724395,4,2.0,2,t,9,100.0,1.44
883,22764131,399.0,37.761828166147815,-122.4412969584873,6,2.0,3,t,2,100.0,2.0
884,1762727,190.0,37.76049930095218,-122.44246701374495,3,1.0,0,t,23,99.0,0.45
885,20857268,250.0,37.76100958445785,-122.44350061483429,4,1.0,2,t,7,97.0,1.25
886,148559,275.0,37.76787021889577,-122.43172219789791,6,1.0,2,t,15,99.0,0.18
887,7853803,450.0,37.767661616733186,-122.42669412206095,3,1.0,2,t,5,92.0,0.16
888,1304068,425.0,37.768734742212594,-122.43397453434874,6,2.0,3,t,15,99.0,0.27
889,6092049,228.0,37.75607601777165,-122.43801135995676,2,1.0,0,t,210,99.0,5.83
890,43732,120.0,37.75191264174378,-122.44385363370672,2,1.0,1,f,5,88.0,0.07
891,14595848,150.0,37.747894605192975,-122.44488750809214,2,1.0,1,f,92,95.0,4.68
892,18182356,140.0,37.75688774373275,-122.45097224690905,1,1.0,0,f,33,95.0,2.74
893,5325355,200.0,37.75466835632721,-122.44266009386688,2,1.5,1,t,73,99.0,1.92
894,9328077,550.0,37.75258505697567,-122.44497691233948,5,2.0,2,t,32,98.0,1.48
895,8053887,185.0,37.75967317224792,-122.44687626724476,4,1.0,1,t,150,99.0,4.79
896,3290706,129.0,37.75177480062849,-122.45083956487015,2,1.0,1,t,78,98.0,1.79
897,19892991,300.0,37.74894801966025,-122.44704082839478,5,2.0,2,t,3,100.0,1.03
898,2968738,499.0,37.75785969894663,-122.44651674992735,6,1.0,2,t,61,98.0,1.31
899,19720449,220.0,37.745677121055,-122.41119702749256,4,1.5,2,t,23,100.0,7.11
900,1245838,250.0,37.736701282707145,-122.41796919070957,6,2.0,4,t,20,94.0,0.35
901,15915145,150.0,37.74706184142612,-122.41274537314257,2,1.0,1,t,25,100.0,1.69
902,15771352,199.0,37.74715989572349,-122.4106089049187,4,1.0,2,f,10,82.0,0.65
903,15773850,225.0,37.74763242147254,-122.40854837970915,4,1.0,2,f,9,96.0,0.53
904,9258941,275.0,37.744777543047626,-122.42141240605494,8,2.0,4,t,84,97.0,2.92
905,17931634,100.0,37.74424618748867,-122.41853422693094,2,1.0,0,t,21,99.0,1.84
906,1094481,125.0,37.73872657786083,-122.41698281266459,3,1.0,1,t,176,98.0,2.95
907,2488837,140.0,37.73290579460843,-122.42568879887241,4,1.0,2,t,60,93.0,1.22
908,32414,150.0,37.740254505653716,-122.41259087293636,2,1.0,1,t,92,96.0,0.98
909,23685560,179.0,37.74515632596371,-122.40652263959906,3,1.0,1,t,0,,
910,17157954,238.0,37.748104120605674,-122.40575901679682,4,1.0,2,t,16,96.0,1.16
911,13796550,160.0,37.73571332293996,-122.42679510615878,4,1.0,1,t,34,99.0,1.78
912,16572187,135.0,37.73655625042429,-122.41360701345616,2,1.0,1,f,70,99.0,4.84
913,7181279,130.0,37.73378960965885,-122.41555813097123,2,1.0,0,f,101,92.0,3.23
914,7028127,250.0,37.74330991863642,-122.41973860114544,6,1.0,4,t,67,98.0,2.54
915,830330,135.0,37.73918502477945,-122.41589731780505,4,1.0,1,t,83,93.0,1.32
916,16662425,300.0,37.740160015535174,-122.42146160869105,6,2.0,3,t,21,99.0,1.46
917,867530,125.0,37.738221963576216,-122.42233407614852,3,1.0,0,t,188,95.0,3.1
918,4480958,260.0,37.74589945533258,-122.41418513681684,5,1.0,1,t,116,96.0,2.84
919,57561,175.0,37.7472029202085,-122.41443017005629,2,1.0,1,t,201,92.0,2.23
920,12382688,115.0,37.746086353940335,-122.41130759409724,2,1.0,0,f,59,95.0,2.47
921,7493513,244.0,37.7399718047231,-122.41285088208359,4,1.0,1,t,2,100.0,0.06
922,12922728,100.0,37.739187163431595,-122.4179713844508,2,1.0,1,f,10,94.0,0.5
923,14673134,125.0,37.73721650622201,-122.4226450081926,2,1.0,0,t,19,98.0,1.05
924,4476390,100.0,37.73366075749409,-122.4271038088628,4,1.0,1,t,35,87.0,0.85
925,21506418,250.0,37.74743709055926,-122.41199851612456,4,2.0,2,t,4,95.0,1.11
926,1524346,165.0,37.745087704564575,-122.41611264633195,2,1.0,1,t,55,99.0,0.99
927,2001534,249.0,37.740005509083424,-122.42219175494465,5,2.0,3,t,5,96.0,0.16
928,1970756,149.0,37.74003646938926,-122.42083568745872,3,1.0,1,t,21,90.0,0.41
929,5858,235.0,37.745112331410034,-122.42101788836888,5,1.0,2,t,112,98.0,1.03
930,5933430,500.0,37.73703202308168,-122.41801282022509,6,1.0,3,f,5,100.0,0.14
931,12155285,225.0,37.74661943335125,-122.41503232379064,4,1.0,2,t,11,96.0,0.45
932,12360520,195.0,37.741619280571605,-122.4205609398698,4,1.0,1,t,0,,
933,14888467,280.0,37.73538770968504,-122.42337161096594,7,1.0,3,t,0,,
934,21282635,225.0,37.74800025511621,-122.41300107713356,4,1.0,2,t,10,98.0,2.16
935,870705,360.0,37.74150975478407,-122.42308390096242,5,2.0,2,t,77,97.0,1.22
936,1995316,160.0,37.7461983128338,-122.41194674164288,2,1.0,1,t,186,98.0,4.04
937,365275,85.0,37.735012216889956,-122.42044654124183,2,1.0,0,t,203,89.0,2.76
938,8221207,140.0,37.740674066963365,-122.41488582772348,2,1.0,1,t,90,94.0,3.54
939,12037978,208.0,37.743768219691546,-122.41827786422016,4,1.0,2,t,67,96.0,2.96
940,22706387,235.0,37.74075721752186,-122.42226383595312,2,1.0,1,t,2,,2.0
941,19304903,175.0,37.74514625871014,-122.42048471030084,2,1.0,1,f,12,98.0,1.35
942,3293492,99.0,37.74182500571821,-122.4171339587898,2,1.0,1,t,15,93.0,0.44
943,1404326,90.0,37.74367784798369,-122.42070039126591,2,1.0,0,t,94,88.0,1.65
944,4483550,173.0,37.74792322451875,-122.42125745200066,4,1.0,1,t,2,100.0,0.19
945,13762975,125.0,37.747021155803736,-122.41512538831631,2,1.0,1,t,40,99.0,1.98
946,17811571,85.0,37.73685266788553,-122.41698419227971,2,1.0,1,t,39,97.0,3.97
947,1482730,199.0,37.737036369311646,-122.41700263525117,4,1.0,2,t,82,95.0,1.45
948,14342687,140.0,37.74163878495281,-122.41392588522335,4,1.0,1,t,41,98.0,2.05
949,5167688,145.0,37.74653154885506,-122.40796997699194,2,1.0,1,t,90,98.0,2.41
950,5914638,230.0,37.746637567689326,-122.41043821783389,4,2.0,2,t,20,98.0,0.57
951,11923264,150.0,37.74819345354949,-122.4091412019322,2,1.0,1,t,20,86.0,0.81
952,6560870,135.0,37.74814219386567,-122.408059188458,2,1.0,1,t,107,100.0,3.28
953,9995426,140.0,37.732855872072285,-122.42863108969831,2,1.0,1,t,31,99.0,1.23
954,17175619,375.0,37.74688569528799,-122.40596128756177,6,1.0,3,t,4,95.0,0.32
955,883937,165.0,37.74650148584829,-122.40989310428492,3,1.0,1,t,119,97.0,1.92
956,8336228,250.0,37.74726953382519,-122.40862623470905,6,2.0,2,t,62,96.0,3.09
957,2175930,150.0,37.74682231681085,-122.40565927023123,3,1.0,1,t,59,97.0,1.41
958,3569750,145.0,37.74670905044884,-122.40568538232485,2,1.0,1,t,104,97.0,2.32
959,20720492,320.0,37.747191073912475,-122.4056063038921,6,2.0,2,t,7,97.0,1.02
960,394575,149.0,37.74248144385686,-122.41068814734358,4,1.0,0,t,316,96.0,4.36
961,42403,85.0,37.73355829915958,-122.4185132377998,2,1.0,0,t,6,93.0,0.08
962,16208487,170.0,37.74142885837537,-122.4142770142427,4,1.0,2,t,8,100.0,0.5
963,10840593,185.0,37.7399008661694,-122.41746104469496,4,1.0,1,t,92,93.0,3.58
964,19946354,320.0,37.74467566309916,-122.42064795349036,4,2.0,1,t,11,100.0,1.43
965,16813360,325.0,37.74772086550529,-122.42319380736687,5,1.5,2,t,3,100.0,0.26
966,840986,145.0,37.7464085577983,-122.41162779441736,2,1.0,1,t,168,98.0,5.07
967,23981385,300.0,37.79113508563425,-122.40795808019584,2,1.0,1,t,0,,
968,6373849,109.0,37.791350848221974,-122.40827928603427,2,1.0,1,t,4,90.0,0.11
969,15286104,800.0,37.79072557134013,-122.40771352401308,4,2.0,1,t,2,100.0,0.11
970,10706423,80.0,37.79137041327376,-122.40605692588184,2,1.0,0,t,4,85.0,0.28
971,5666454,110.0,37.79095202912543,-122.4076922150676,2,1.0,0,t,6,92.0,0.19
972,3826011,185.0,37.79233997344628,-122.40689639607952,2,1.0,1,f,22,97.0,0.5
973,12004930,123.0,37.79215849243079,-122.40649631459007,2,1.0,1,t,1,100.0,0.07
974,11439599,126.0,37.79203547590427,-122.40618002901606,2,1.0,1,t,2,80.0,0.12
975,11439405,149.0,37.79202417135579,-122.40585100715178,3,1.0,2,t,5,75.0,0.22
976,11439120,149.0,37.79208689481875,-122.40610770518148,3,1.0,2,t,3,87.0,0.13
977,2935400,90.0,37.790747599179504,-122.40881676227798,2,1.0,1,t,5,96.0,0.12
978,21440144,700.0,37.79258058539234,-122.40591942371158,2,1.0,1,t,0,,
979,616204,450.0,37.79527242769508,-122.40925377755386,6,1.0,3,t,60,92.0,0.87
980,9605720,349.0,37.79576339278111,-122.40737678778746,4,1.5,2,t,114,94.0,4.06
981,17495199,98.0,37.79158129091782,-122.40781488409979,2,1.0,0,t,32,99.0,2.42
982,9504910,195.0,37.798563446956365,-122.40428679829157,3,1.0,1,t,30,96.0,1.06
983,16134193,270.0,37.801423788430455,-122.40788236838002,4,1.0,2,t,47,99.0,2.97
984,15733592,160.0,37.802141945273256,-122.40901557766712,4,1.0,1,f,24,100.0,1.48
985,16587632,189.0,37.799834960273756,-122.40393834918257,2,1.0,1,t,0,,
986,1174758,300.0,37.80101925909043,-122.40395347708308,2,1.0,2,t,3,100.0,0.07
987,138619,300.0,37.79835394401653,-122.40419704528624,3,1.0,1,t,39,90.0,0.47
988,22016641,500.0,37.80441310581495,-122.4154315190816,8,1.0,3,f,5,88.0,1.23
989,17281042,450.0,37.80649647516279,-122.4129103703061,4,2.0,2,t,21,100.0,1.6
990,4607177,215.0,37.80154018815481,-122.40481024970244,2,1.0,0,t,137,99.0,3.48
991,12410151,235.0,37.798553281010925,-122.40752990726936,5,2.0,2,t,35,95.0,1.5
992,12987777,175.0,37.805075879312454,-122.40775163036949,4,1.0,1,t,41,97.0,1.79
993,10862065,237.0,37.801531772761045,-122.40617796171757,4,1.0,1,t,71,96.0,2.71
994,14697748,268.0,37.80278336498449,-122.40944432653048,4,1.0,1,f,23,97.0,1.19
995,2657854,133.0,37.80229366229874,-122.40513393563313,2,1.0,0,t,5,85.0,0.12
996,308885,225.0,37.7995421626789,-122.4067873761932,4,1.0,1,t,107,89.0,1.57
997,12050886,275.0,37.79940460045464,-122.40739932525372,3,1.0,3,t,1,80.0,0.04
998,11584043,298.0,37.79923315658322,-122.40541496694176,4,1.0,2,t,37,97.0,1.48
999,7244861,219.0,37.803226798421534,-122.40808629403121,3,1.0,1,t,5,96.0,0.15
1000,7116305,184.0,37.80776679241973,-122.41670647404463,4,1.0,0,f,114,85.0,3.42
1001,14355639,181.0,37.80549539854846,-122.41315923303995,5,2.0,2,t,25,97.0,1.6
1002,18567881,350.0,37.80310432375404,-122.40384982165192,4,2.0,2,t,13,86.0,1.51
1003,21517657,450.0,37.80654535318979,-122.4163901613289,6,1.0,2,f,7,94.0,1.94
1004,10105584,450.0,37.8051646682592,-122.40866833981786,2,1.0,1,t,7,94.0,0.27
1005,6007925,300.0,37.79958328680009,-122.40624627050634,4,1.0,2,t,5,96.0,0.16
1006,7923146,395.0,37.80334234427559,-122.40800677981713,4,1.0,2,t,54,99.0,1.76
1007,22403915,155.0,37.80199073844845,-122.40401571947298,2,1.0,1,t,1,100.0,0.47
1008,17892026,429.0,37.80237791696197,-122.4071760980702,4,1.0,1,f,15,97.0,1.4
1009,13641058,160.0,37.802199198649504,-122.41268449518759,2,1.0,1,t,39,97.0,1.82
1010,180212,750.0,37.802696856910856,-122.41061140549536,7,2.0,4,t,13,100.0,0.23
1011,32802,195.0,37.798346824645584,-122.4046102140624,2,1.0,1,t,27,99.0,0.29
1012,20885687,950.0,37.80200962073965,-122.40535956278437,4,1.0,1,t,0,,
1013,14505006,195.0,37.80159002941805,-122.40281134270292,2,1.0,1,t,54,99.0,3.03
1014,6344500,250.0,37.79900044943894,-122.40668053540695,4,1.0,1,t,16,98.0,2.61
1015,644091,325.0,37.80329164224381,-122.4070770262508,2,1.0,1,t,22,99.0,0.33
1016,20980071,275.0,37.804564104481024,-122.41288569494851,3,1.0,1,t,3,100.0,1.02
1017,8163114,206.0,37.800829163801176,-122.40521286915346,5,1.0,2,t,13,95.0,0.42
1018,1530745,300.0,37.79588509699218,-122.4114514536524,2,1.0,1,t,24,98.0,0.48
1019,19332338,495.0,37.791460107775094,-122.4169990027642,10,3.5,4,t,45,98.0,4.93
1020,19286324,450.0,37.79200469759921,-122.41275600122592,6,1.0,2,t,16,96.0,1.7
1021,18103749,500.0,37.791545257147696,-122.41217205839142,4,1.0,2,t,6,88.0,0.73
1022,20155822,150.0,37.794342992446865,-122.4129673158392,2,1.0,1,t,14,100.0,2.14
1023,19904931,80.0,37.79659483108448,-122.41603051285595,2,1.0,0,f,17,80.0,2.39
1024,9433478,175.0,37.79428449642518,-122.41336303390972,4,1.0,2,f,2,100.0,0.07
1025,9231212,110.0,37.791497940784176,-122.41499063210709,2,1.0,0,t,4,95.0,0.14
1026,8926150,145.0,37.79583665026897,-122.41048270585905,4,1.0,1,f,9,95.0,0.3
1027,8385246,167.0,37.793359986017634,-122.41549763390913,4,1.0,2,f,16,84.0,0.53
1028,13016330,73.0,37.796336404369946,-122.41597505522849,4,1.0,1,t,92,81.0,4.06
1029,3522119,200.0,37.79291507750877,-122.41775734939442,2,1.0,1,t,135,97.0,2.98
1030,6822748,185.0,37.791897111843795,-122.41894261018976,3,1.0,1,t,7,100.0,1.35
1031,5666413,110.0,37.79077951326273,-122.40934721429278,2,1.0,0,t,7,97.0,0.21
1032,41609,170.0,37.79001328977593,-122.4129160022777,3,1.0,1,t,12,98.0,0.13
1033,4968468,350.0,37.794562007349136,-122.40981691628132,4,2.0,2,t,18,100.0,1.08
1034,13095952,219.0,37.796015770333774,-122.4100284482233,4,1.0,1,t,85,91.0,3.81
1035,21763555,110.0,37.7927057073231,-122.41892643753144,3,1.0,1,f,10,89.0,2.26
1036,6732541,199.0,37.796808391237455,-122.4126350736837,2,1.0,0,t,21,95.0,0.62
1037,23090574,195.0,37.790839983940096,-122.4145368291337,2,1.0,1,t,7,97.0,5.68
1038,8612967,499.0,37.79551651476681,-122.41064979315011,8,2.0,3,t,25,96.0,0.88
1039,10789339,300.0,37.79686975647121,-122.4138145921319,2,1.0,1,t,73,98.0,2.77
1040,16088064,600.0,37.79021557905879,-122.41632328481009,10,3.5,4,t,69,96.0,4.31
1041,23378956,200.0,37.795130150518396,-122.4138047923301,5,1.0,2,t,3,93.0,2.73
1042,20852769,200.0,37.79645183909518,-122.41207898745569,5,1.5,2,t,21,84.0,3.09
1043,13491912,300.0,37.79608761773191,-122.41723929335902,4,2.0,2,t,1,80.0,0.05
1044,14206695,140.0,37.79183140513807,-122.41038429328579,2,1.0,1,t,4,100.0,0.22
1045,13943674,139.0,37.78925624548727,-122.41598432859364,1,1.0,0,t,14,99.0,0.67
1046,14058613,110.0,37.789422454603645,-122.41649301936464,2,1.0,1,t,27,95.0,1.3
1047,11969257,300.0,37.79036284934801,-122.41450484455572,3,2.0,3,t,0,,
1048,3144147,140.0,37.795016584180296,-122.41479161276548,2,1.0,1,f,5,96.0,0.11
1049,1632521,218.0,37.79533032684671,-122.4131664905382,2,1.0,1,t,29,99.0,0.53
1050,20828968,300.0,37.79139922350029,-122.41204592343142,6,1.0,2,f,13,91.0,1.92
1051,19441673,160.0,37.79022900671617,-122.41330878319128,3,1.0,0,t,7,89.0,0.75
1052,6132191,499.0,37.79632489762685,-122.41190680911151,6,3.0,3,t,26,98.0,0.82
1053,9201385,145.0,37.79291263108335,-122.41543930947034,2,1.0,0,t,11,100.0,0.55
1054,4226825,198.0,37.79531700941888,-122.41222860667743,3,1.0,0,t,50,95.0,1.18
1055,21592518,250.0,37.79501132717507,-122.41705305474844,6,1.5,2,t,5,96.0,1.49
1056,11202756,150.0,37.794405884642956,-122.41408742939886,3,1.0,1,t,4,100.0,0.17
1057,21162785,195.0,37.79288083082424,-122.41028205346262,6,1.0,2,t,0,,
1058,13751537,225.0,37.790928894874355,-122.4177692520628,2,1.0,0,t,12,97.0,0.64
1059,4965866,156.0,37.793296115852364,-122.41462802138425,2,1.0,1,t,85,92.0,2.18
1060,5117701,269.0,37.79372185285572,-122.41003616085929,4,1.0,1,t,149,95.0,3.97
1061,7220035,140.0,37.79429202028428,-122.41557204451156,2,1.0,1,f,75,90.0,2.64
1062,12362408,240.0,37.78963357052771,-122.41350826745158,4,1.0,2,t,47,100.0,2.4
1063,1484149,120.0,37.791600705728605,-122.41908337948195,2,1.0,1,t,95,95.0,1.68
1064,589767,295.0,37.79648078540878,-122.41179578638334,6,1.0,2,t,9,93.0,0.15
1065,18091317,450.0,37.79349915692824,-122.41458799436909,6,1.0,2,t,37,96.0,3.14
1066,9880029,175.0,37.791010411853264,-122.41413473481528,3,1.0,1,t,2,100.0,0.29
1067,6448545,436.0,37.79533074107635,-122.41200964576048,6,2.0,3,t,18,86.0,0.53
1068,17438541,209.0,37.75406473676639,-122.48609631056499,6,1.0,2,t,58,97.0,5.19
1069,21307662,125.0,37.76482694615418,-122.48318997772371,4,1.0,1,t,7,100.0,5.53
1070,23251751,395.0,37.76281542144464,-122.49940896243194,4,1.0,2,t,2,100.0,2.0
1071,17444005,165.0,37.7607166812832,-122.5080864871405,3,1.0,1,t,45,99.0,3.62
1072,18012893,98.0,37.76471336752381,-122.4781345603063,2,1.0,1,t,42,91.0,3.66
1073,18754189,140.0,37.758678558382066,-122.50607219008627,4,1.0,1,t,38,98.0,4.1
1074,21327347,139.0,37.76375708211285,-122.4875085423726,3,1.0,1,t,28,97.0,5.56
1075,16336782,199.0,37.762903037042754,-122.48906014045696,4,1.0,0,t,22,98.0,1.55
1076,16056892,140.0,37.75875181274832,-122.48556080972479,3,1.0,1,t,18,99.0,1.72
1077,7309852,179.0,37.764035902754976,-122.47941601233332,4,1.0,2,t,68,97.0,2.13
1078,10923835,95.0,37.74618170275872,-122.48955453611792,5,1.0,0,t,139,89.0,5.28
1079,22191539,160.0,37.7580541797969,-122.50866836908844,3,1.0,2,t,5,100.0,1.52
1080,2302408,105.0,37.76282213734549,-122.4817187620234,2,1.0,1,t,43,97.0,0.94
1081,1984709,110.0,37.762608743373924,-122.50146238553286,2,1.0,0,t,292,98.0,5.58
1082,2980184,250.0,37.75173631289873,-122.47723423567736,6,1.0,2,t,5,90.0,0.12
1083,14705126,227.0,37.76160181396772,-122.49496169624399,5,1.5,2,t,94,98.0,4.91
1084,14549750,150.0,37.76104260401075,-122.490905506394,4,1.0,2,t,64,94.0,4.3
1085,3312490,155.0,37.762559312327134,-122.4778399014212,2,1.0,1,t,93,97.0,2.02
1086,18012201,98.0,37.76524416768082,-122.4783672362872,4,1.0,1,t,42,90.0,3.5
1087,1644684,191.0,37.759706435812475,-122.50922005283995,5,1.0,1,t,45,95.0,0.81
1088,21411895,225.0,37.76058108250203,-122.48063812251276,6,2.0,3,t,24,93.0,4.62
1089,14452358,220.0,37.75296063736048,-122.50646557000387,5,1.0,2,t,14,99.0,0.75
1090,4287481,140.0,37.762952805699705,-122.48324337981244,4,1.0,1,t,205,92.0,4.9
1091,19228248,180.0,37.753593967837,-122.4813743062826,5,1.0,2,f,19,98.0,2.05
1092,3292643,245.0,37.757044400373786,-122.50818307803273,4,1.0,2,f,13,98.0,0.38
1093,20994570,103.0,37.76440899578903,-122.50010813179442,2,1.0,1,t,11,96.0,7.33
1094,8520295,119.0,37.76020044318847,-122.4811384813102,2,1.0,0,t,53,99.0,1.88
1095,9780615,130.0,37.76136997228394,-122.50359284885893,4,1.0,1,t,200,96.0,7.13
1096,17382326,249.0,37.75212147674335,-122.50839678047147,4,1.0,1,t,36,100.0,2.81
1097,14340124,120.0,37.76332743119369,-122.50171274425007,4,1.0,1,f,126,96.0,6.22
1098,22430481,135.0,37.75851430691762,-122.49693031789005,2,1.0,0,t,10,94.0,3.75
1099,17984591,130.0,37.75973985621453,-122.4933813799902,2,1.0,1,t,109,97.0,9.29
1100,21298338,189.0,37.753618750248364,-122.49124747548392,6,2.0,2,t,4,95.0,4.0
1101,12025717,139.0,37.75856910394091,-122.48877596458,6,1.0,1,t,128,95.0,5.59
1102,9611854,190.0,37.763947851067954,-122.49962860735472,2,1.0,1,t,35,100.0,1.32
1103,4013746,145.0,37.75085366595253,-122.47896134638864,4,1.0,0,t,202,96.0,4.68
1104,10392074,175.0,37.77929705479301,-122.4407694997052,4,1.0,1,t,8,100.0,0.34
1105,21186680,490.0,37.77407741745062,-122.42720030711241,4,1.0,2,t,3,90.0,1.22
1106,5346803,195.0,37.77308303075706,-122.43417410189235,2,1.0,1,t,124,99.0,3.35
1107,20439522,120.0,37.785643872400286,-122.4222617247413,3,1.0,0,f,5,76.0,0.67
1108,15400940,199.0,37.777272941641286,-122.42474093349085,6,1.0,1,f,24,98.0,1.32
1109,14983353,233.0,37.77779762725788,-122.43853584000604,7,1.0,3,t,36,94.0,1.92
1110,21267701,350.0,37.77045456812871,-122.43138069456764,6,1.0,3,t,14,96.0,2.39
1111,17826404,99.0,37.77651786415422,-122.43755286950676,2,1.0,0,t,6,100.0,0.74
1112,16444225,250.0,37.77695515157081,-122.44130249466751,4,1.0,1,f,3,93.0,0.21
1113,16671511,75.0,37.77988631214152,-122.43452427543049,4,2.0,2,t,59,95.0,4.12
1114,3591813,300.0,37.77445486706095,-122.43729081663204,4,1.5,2,t,19,100.0,0.43
1115,1598872,225.0,37.77014511420533,-122.42929217382064,2,1.0,1,t,26,99.0,0.47
1116,6257770,255.0,37.77585214289218,-122.42641230312012,4,1.0,2,t,49,96.0,1.4
1117,985813,297.0,37.774802669152386,-122.42516668783408,2,,1,t,7,97.0,0.12
1118,72365,130.0,37.775181247967524,-122.43334092158028,8,1.0,1,t,62,89.0,0.72
1119,2169208,98.0,37.78353039450153,-122.44519365883706,3,1.0,1,t,52,98.0,1.12
1120,9514196,425.0,37.78886066681415,-122.43241183948562,2,1.0,0,t,5,100.0,0.17
1121,6975064,85.0,37.786218829954045,-122.42437500185915,2,1.0,1,t,45,89.0,1.33
1122,3291691,275.0,37.770163308150785,-122.43553240208988,4,1.5,2,t,4,100.0,0.09
1123,837045,249.0,37.77159130487525,-122.4320372140935,4,1.0,2,t,31,94.0,0.55
1124,682134,170.0,37.774307424799744,-122.42852191119415,2,1.0,1,t,66,96.0,0.98
1125,21634888,200.0,37.776758981281546,-122.43060516722711,4,1.0,1,t,4,80.0,0.81
1126,21797946,299.0,37.773075629994985,-122.43110279547882,4,2.0,2,t,17,98.0,5.26
1127,7072662,132.0,37.77519905356973,-122.43765378668932,3,1.0,0,t,6,100.0,0.18
1128,10058134,350.0,37.78508550652572,-122.44297502127931,5,1.0,2,t,49,98.0,1.83
1129,4100473,135.0,37.77649156234814,-122.43672251184631,4,1.0,1,t,36,95.0,0.89
1130,2362619,185.0,37.77920331249687,-122.4458448593536,2,1.0,1,t,60,98.0,1.19
1131,1936003,750.0,37.777804688605144,-122.43839807256008,6,3.0,3,t,13,97.0,0.26
1132,8306331,700.0,37.78499732410688,-122.43809406338072,8,2.0,4,t,29,99.0,0.98
1133,14840923,239.0,37.77797739802913,-122.44283582616428,2,1.0,1,t,3,100.0,0.5
1134,8567,255.0,37.784707454960724,-122.44555431261593,7,1.0,2,t,27,88.0,0.26
1135,12212013,150.0,37.77617516236869,-122.43217075644642,2,1.0,0,t,109,99.0,4.57
1136,22377109,175.0,37.77417899156518,-122.42507404503769,4,1.0,1,t,9,98.0,2.97
1137,6372358,160.0,37.78729986144096,-122.4290837790209,2,1.0,1,t,105,99.0,3.01
1138,1276953,295.0,37.76973800347754,-122.43232693028177,3,1.0,2,t,27,99.0,0.49
1139,6922612,128.0,37.78526538106213,-122.42320640703163,2,1.0,1,t,15,95.0,0.44
1140,20030972,450.0,37.77622014110625,-122.43344851512684,5,1.0,1,t,1,100.0,1.0
1141,1489782,300.0,37.77736075710164,-122.43609999763822,4,1.0,2,t,42,92.0,0.74
1142,1273709,135.0,37.76992365545059,-122.43054651992628,2,1.0,1,t,15,99.0,0.26
1143,7421008,249.0,37.7766570715174,-122.4430856233556,6,1.0,2,t,123,93.0,3.79
1144,10787814,145.0,37.77751123592138,-122.43649838290115,2,1.0,1,t,5,100.0,0.24
1145,21345486,200.0,37.76995354605038,-122.43364783062277,4,1.0,2,t,18,94.0,3.29
1146,3890704,140.0,37.770896680548724,-122.42853678630371,3,3.0,2,t,27,94.0,0.67
1147,1520938,149.0,37.77882133558746,-122.4422938271663,4,1.0,2,f,57,97.0,1.04
1148,1460174,575.0,37.778950727391006,-122.43633794843065,4,2.0,3,t,41,100.0,0.74
1149,1304808,210.0,37.77375949562768,-122.42733531361498,2,1.0,1,t,74,95.0,1.55
1150,938330,180.0,37.78180067158532,-122.44348081033732,2,1.0,1,t,15,95.0,0.25
1151,1180103,275.0,37.77537202627463,-122.43139001572851,6,2.0,3,t,7,94.0,0.12
1152,1767569,175.0,37.77831882468775,-122.43078884770837,2,1.0,1,t,62,98.0,2.06
1153,6364873,248.0,37.772596406917366,-122.42814207585494,4,1.0,2,t,3,100.0,0.09
1154,442349,200.0,37.77479775001232,-122.42711404907881,2,1.0,1,t,13,96.0,0.2
1155,808660,130.0,37.784603352590594,-122.44388681702557,2,1.0,1,t,223,93.0,3.51
1156,9488665,750.0,37.77337299668144,-122.43529422848059,7,2.0,4,t,27,99.0,1.06
1157,22281125,129.0,37.78617794010444,-122.43228175120406,4,1.0,0,t,3,80.0,2.31
1158,423063,249.0,37.77044205690913,-122.43598702310331,2,1.0,1,t,59,96.0,0.83
1159,11842522,159.0,37.77417637617226,-122.4319555774802,4,1.0,1,t,16,98.0,1.4
1160,22754295,325.0,37.77223215371893,-122.4359949730818,6,1.0,3,t,3,93.0,2.65
1161,18893442,300.0,37.77649414539389,-122.43038548266821,4,2.0,2,t,11,100.0,1.42
1162,23906537,159.0,37.774593260141785,-122.43499446761551,3,1.0,1,t,0,,
1163,9402993,550.0,37.778615628455185,-122.43220901574655,6,2.0,3,t,12,100.0,0.54
1164,22615137,300.0,37.77230403157893,-122.42542437369512,4,1.0,2,t,9,100.0,4.58
1165,2305039,350.0,37.77931133053465,-122.4359459213413,6,1.0,3,f,59,96.0,1.51
1166,15486470,410.0,37.77707386953722,-122.42858512867352,8,2.0,3,t,57,97.0,5.96
1167,12089415,130.0,37.77665289607869,-122.44126673857667,2,1.0,1,t,26,98.0,1.1
1168,21799941,200.0,37.77517379854864,-122.43062276311028,2,1.0,1,t,4,100.0,1.74
1169,10089183,150.0,37.774772410205564,-122.42511563230984,2,1.0,1,t,57,97.0,2.1
1170,3042811,200.0,37.77079892665342,-122.42713003693555,2,1.0,1,t,17,100.0,0.39
1171,26408,393.0,37.774778481770866,-122.43149873605402,10,2.0,4,t,26,89.0,0.32
1172,8209055,150.0,37.788349670363615,-122.42833424922676,2,1.0,0,t,34,99.0,1.4
1173,18199513,225.0,37.77674561140448,-122.42303743094169,2,1.0,1,t,33,98.0,3.02
1174,2371394,195.0,37.76938789351549,-122.43324051465562,2,1.0,1,t,29,99.0,0.68
1175,15269286,175.0,37.780285710985616,-122.43447374933164,2,1.0,0,f,43,98.0,2.38
1176,1917622,215.0,37.781041645239426,-122.44003100681324,1,1.0,0,t,38,95.0,0.74
1177,4269254,150.0,37.78297166198252,-122.43155979536093,2,1.0,1,t,210,98.0,4.98
1178,9462355,900.0,37.776581340408285,-122.436631650417,8,2.0,4,t,6,100.0,0.28
1179,21527554,350.0,37.77768896591608,-122.43653964685923,6,2.0,2,t,1,100.0,0.23
1180,15162895,199.0,37.785773974730546,-122.44146002246157,4,1.0,2,t,7,90.0,0.38
1181,2887744,600.0,37.777108217502615,-122.44295145304217,8,2.0,3,t,152,99.0,3.39
1182,1103797,400.0,37.78520596012208,-122.44278743882023,5,2.0,3,t,21,98.0,0.63
1183,7417050,130.0,37.787599704498206,-122.42663876369998,2,1.0,1,f,34,94.0,1.06
1184,19995782,150.0,37.77483403176308,-122.43406376841236,2,1.0,1,t,4,100.0,4.0
1185,18960888,200.0,37.774174754258595,-122.4265740717099,6,1.0,2,t,2,100.0,0.22
1186,958,170.0,37.76931037734077,-122.43385634489,3,1.0,1,t,131,97.0,1.24
1187,9489347,180.0,37.778389418077566,-122.44336920012958,3,1.0,1,t,81,97.0,2.99
1188,783135,160.0,37.77596418675585,-122.44524933608767,2,1.0,1,t,104,90.0,1.62
1189,18413609,850.0,37.777399508248656,-122.44277626568314,8,2.0,4,t,6,100.0,0.55
1190,20093004,485.0,37.7779039069525,-122.4364324854206,8,2.0,4,t,23,97.0,2.92
1191,16215634,400.0,37.78488124253375,-122.4398225390838,4,2.0,2,t,2,100.0,1.05
1192,1738415,180.0,37.77358049034084,-122.42806372501764,4,1.5,1,t,329,97.0,6.01
1193,18669935,195.0,37.783422734065965,-122.4445660693715,2,1.0,1,f,32,99.0,3.13
1194,2077982,145.0,37.77818644005804,-122.43969097179962,4,1.0,2,t,114,90.0,2.18
1195,1682072,175.0,37.782774998595116,-122.44313207245285,4,1.0,1,t,81,94.0,1.49
1196,5852599,300.0,37.7765075743284,-122.43720428589475,4,2.0,2,f,38,96.0,1.68
1197,3611131,133.0,37.77826893601072,-122.43966030821888,2,1.0,1,t,160,88.0,3.55
1198,4470873,225.0,37.77914285655876,-122.44413079502131,6,1.0,2,t,28,95.0,0.67
1199,11868448,239.0,37.782299956851844,-122.44045856635016,4,1.0,2,t,9,100.0,0.37
1200,2048834,110.0,37.778029992343775,-122.44016797514557,2,1.0,1,t,146,89.0,2.79
1201,9491760,279.0,37.785625563039595,-122.42593661055616,4,2.0,2,t,15,97.0,0.54
1202,14484206,150.0,37.77759843521752,-122.44213997448412,2,1.0,0,t,40,92.0,2.01
1203,13939822,130.0,37.77107071480122,-122.43114492455544,2,2.0,1,t,0,,
1204,23546221,149.0,37.77878245294369,-122.4341418626262,3,1.0,1,t,4,100.0,4.0
1205,4175303,80.0,37.77290377962511,-122.42453323120137,4,1.5,1,t,68,96.0,1.58
1206,5967901,199.0,37.77465863262607,-122.42704571527487,5,1.0,2,t,120,97.0,3.41
1207,9888667,275.0,37.76952730787357,-122.43010868540506,6,2.0,3,t,2,100.0,0.07
1208,20096735,220.0,37.77468774562331,-122.43339038126236,4,1.0,1,t,4,100.0,0.66
1209,1520790,185.0,37.7771238980299,-122.44215463652628,2,1.0,1,t,23,98.0,0.42
1210,905902,168.0,37.765689871105664,-122.48263862523949,4,1.0,2,t,51,92.0,0.84
1211,254953,165.0,37.770270857904244,-122.51090525601583,4,2.0,2,t,2,80.0,0.05
1212,3319447,170.0,37.76651566300529,-122.45601441844698,2,1.0,0,t,136,96.0,2.95
1213,23714456,134.0,37.70806428288217,-122.41821199289859,6,2.0,2,t,2,100.0,2.0
1214,10849451,1250.0,37.708253363322356,-122.41693247774654,4,1.5,2,t,0,,
1215,16297254,179.0,37.70542220112785,-122.43299661653772,4,1.0,1,t,82,92.0,5.13
1216,10450462,135.0,37.70414474552245,-122.46292212418976,4,1.0,2,t,64,88.0,3.48
1217,10359909,99.0,37.70682191410992,-122.45182676526758,2,1.0,1,t,19,95.0,0.71
1218,22739822,150.0,37.706415164938,-122.46315165446792,3,1.0,1,t,5,96.0,2.31
1219,23169765,160.0,37.70712587692522,-122.41822154072149,7,2.0,2,t,3,100.0,3.0
1220,24132864,500.0,37.70669467271731,-122.4181231921381,8,2.0,3,t,0,,
1221,10756322,300.0,37.70714178328104,-122.41768205318242,8,2.0,3,t,70,93.0,2.73
1222,4863217,110.0,37.706171554141285,-122.46473663878923,4,1.0,0,t,78,87.0,2.09
1223,13814256,105.0,37.70501994693136,-122.4343428488872,2,1.0,0,t,76,99.0,3.75
1224,5242728,100.0,37.70490802008339,-122.46354202544146,2,1.0,1,t,100,89.0,2.6
1225,4863273,100.0,37.70544496053953,-122.46351586216423,2,1.0,1,t,123,95.0,3.17
1226,18489602,190.0,37.706363968894046,-122.46484369284542,5,1.0,2,t,6,97.0,0.6
1227,17388446,200.0,37.70781049651732,-122.41615952489336,6,2.0,3,t,40,97.0,3.02
1228,11047948,325.0,37.70570916663547,-122.43573742711479,8,2.0,3,t,135,99.0,5.62
1229,23773398,680.0,37.706789818778745,-122.41638271647206,16,4.0,6,t,0,,
1230,19707371,250.0,37.70817063250552,-122.41658121886307,9,2.0,3,t,54,89.0,6.18
1231,20309397,210.0,37.70569825065593,-122.4178279688775,7,2.0,2,t,25,97.0,4.87
1232,17389591,75.0,37.70638735718117,-122.41599702993165,2,1.0,0,t,62,91.0,4.83
1233,20695197,130.0,37.70451559775537,-122.41762808645382,3,1.0,1,t,23,95.0,4.93
1234,20308567,80.0,37.7047830305603,-122.41707944691154,2,1.0,0,t,45,95.0,8.6
